Datetime,Heart Rate
2019-12-11 16:08:53,97
2019-12-11 16:09:03,106
2019-12-11 16:09:08,113
2019-12-11 16:09:13,112
2019-12-11 16:09:18,107
2019-12-11 16:09:23,105
2019-12-11 16:09:28,102
2019-12-11 16:09:38,97
2019-12-11 16:09:43,95
2019-12-11 16:09:53,96
2019-12-11 16:09:58,97
2019-12-11 16:10:13,97
2019-12-11 16:10:18,98
2019-12-11 16:10:23,99
2019-12-11 16:10:33,97
2019-12-11 16:10:38,95
2019-12-11 16:10:53,94
2019-12-11 16:10:58,96
2019-12-11 16:11:03,94
2019-12-11 16:11:18,94
2019-12-11 16:11:19,95
2019-12-11 16:11:24,97
2019-12-11 16:11:29,96
2019-12-11 16:11:44,96
2019-12-11 16:11:54,95
2019-12-11 16:11:59,96
2019-12-11 16:12:04,99
2019-12-11 16:12:09,98
2019-12-11 16:12:14,97
2019-12-11 16:12:19,96
2019-12-11 16:12:24,95
2019-12-11 16:12:34,91
2019-12-11 16:12:44,93
2019-12-11 16:12:49,95
2019-12-11 16:12:54,96
2019-12-11 16:13:09,95
2019-12-11 16:13:14,92
2019-12-11 16:13:24,93
2019-12-11 16:13:34,94
2019-12-11 16:13:39,97
2019-12-11 16:13:44,96
2019-12-11 16:13:59,96
2019-12-11 16:14:09,97
2019-12-11 16:14:19,98
2019-12-11 16:14:24,99
2019-12-11 16:14:34,100
2019-12-11 16:14:49,100
2019-12-11 16:14:54,100
2019-12-11 16:15:04,102
2019-12-11 16:15:14,103
2019-12-11 16:15:29,105
2019-12-11 16:15:34,107
2019-12-11 16:15:39,108
2019-12-11 16:15:44,106
2019-12-11 16:15:49,104
2019-12-11 16:15:54,103
2019-12-11 16:15:59,102
2019-12-11 16:16:09,101
2019-12-11 16:16:19,102
2019-12-11 16:16:24,101
2019-12-11 16:16:39,101
2019-12-11 16:16:49,100
2019-12-11 16:16:54,98
2019-12-11 16:16:59,93
2019-12-11 16:17:04,92
2019-12-11 16:17:09,93
2019-12-11 16:17:14,95
2019-12-11 16:17:19,96
2019-12-11 16:17:24,97
2019-12-11 16:17:29,98
2019-12-11 16:17:34,97
2019-12-11 16:17:44,98
2019-12-11 16:17:54,97
2019-12-11 16:18:04,96
2019-12-11 16:18:09,95
2019-12-11 16:18:14,96
2019-12-11 16:18:24,97
2019-12-11 16:18:39,99
2019-12-11 16:18:49,98
2019-12-11 16:18:59,100
2019-12-11 16:19:04,96
2019-12-11 16:19:09,91
2019-12-11 16:19:14,92
2019-12-11 16:19:19,91
2019-12-11 16:19:29,92
2019-12-11 16:19:34,93
2019-12-11 16:19:39,94
2019-12-11 16:19:49,95
2019-12-11 16:19:54,96
2019-12-11 16:19:59,97
2019-12-11 16:20:04,98
2019-12-11 16:20:09,97
2019-12-11 16:20:24,97
2019-12-11 16:20:29,98
2019-12-11 16:20:34,99
2019-12-11 16:20:39,98
2019-12-11 16:20:44,97
2019-12-11 16:20:49,95
2019-12-11 16:20:59,94
2019-12-11 16:21:04,95
2019-12-11 16:21:09,95
2019-12-11 16:21:14,95
2019-12-11 16:21:24,96
2019-12-11 16:21:29,94
2019-12-11 16:21:34,93
2019-12-11 16:21:39,95
2019-12-11 16:21:54,95
2019-12-11 16:22:04,94
2019-12-11 16:22:19,94
2019-12-11 16:22:24,93
2019-12-11 16:22:29,92
2019-12-11 16:22:34,93
2019-12-11 16:22:39,96
2019-12-11 16:22:44,97
2019-12-11 16:22:59,98
2019-12-11 16:23:04,99
2019-12-11 16:23:09,100
2019-12-11 16:23:24,101
2019-12-11 16:23:34,102
2019-12-11 16:23:39,106
2019-12-11 16:23:44,102
2019-12-11 16:23:49,91
2019-12-11 16:23:54,90
2019-12-11 16:23:59,91
2019-12-11 16:24:04,93
2019-12-11 16:24:09,95
2019-12-11 16:24:24,96
2019-12-11 16:24:29,96
2019-12-11 16:24:34,95
2019-12-11 16:24:39,93
2019-12-11 16:24:44,92
2019-12-11 16:24:49,92
2019-12-11 16:25:04,92
2019-12-11 16:25:09,93
2019-12-11 16:25:24,89
2019-12-11 16:25:29,85
2019-12-11 16:25:39,86
2019-12-11 16:25:44,88
2019-12-11 16:25:49,89
2019-12-11 16:25:54,92
2019-12-11 16:25:59,95
2019-12-11 16:26:14,97
2019-12-11 16:26:19,99
2019-12-11 16:26:24,98
2019-12-11 16:26:29,97
2019-12-11 16:26:46,97
2019-12-11 16:27:05,70
2019-12-11 16:34:20,70
2019-12-11 16:34:35,70
2019-12-11 16:34:45,72
2019-12-11 16:35:02,74
2019-12-11 16:35:11,75
2019-12-11 16:35:16,75
2019-12-11 16:35:26,75
2019-12-11 16:35:36,82
2019-12-11 16:35:41,88
2019-12-11 16:35:46,91
2019-12-11 16:35:56,94
2019-12-11 16:36:01,96
2019-12-11 16:36:06,98
2019-12-11 16:36:11,100
2019-12-11 16:36:21,101
2019-12-11 16:36:26,102
2019-12-11 16:36:31,104
2019-12-11 16:36:36,108
2019-12-11 16:36:41,111
2019-12-11 16:36:46,113
2019-12-11 16:36:51,116
2019-12-11 16:36:56,118
2019-12-11 16:37:01,119
2019-12-11 16:37:06,120
2019-12-11 16:37:11,122
2019-12-11 16:37:16,120
2019-12-11 16:37:21,121
2019-12-11 16:37:26,124
2019-12-11 16:37:31,127
2019-12-11 16:37:36,130
2019-12-11 12:56:24,82
2019-12-11 12:56:29,86
2019-12-11 12:56:34,90
2019-12-11 12:56:39,95
2019-12-11 12:56:44,97
2019-12-11 12:56:49,98
2019-12-11 12:56:54,98
2019-12-11 12:56:59,98
2019-12-11 12:57:04,99
2019-12-11 12:57:09,102
2019-12-11 12:57:14,100
2019-12-11 12:57:19,100
2019-12-11 12:57:24,101
2019-12-11 12:57:29,104
2019-12-11 12:57:34,102
2019-12-11 12:57:39,92
2019-12-11 12:57:44,93
2019-12-11 12:57:49,94
2019-12-11 12:57:54,95
2019-12-11 12:57:59,97
2019-12-11 12:58:04,98
2019-12-11 12:58:09,97
2019-12-11 12:58:24,93
2019-12-11 12:58:29,91
2019-12-11 12:58:39,92
2019-12-11 12:58:49,91
2019-12-11 12:58:54,90
2019-12-11 12:58:59,87
2019-12-11 12:59:14,86
2019-12-11 12:59:19,87
2019-12-11 12:59:24,89
2019-12-11 12:59:29,94
2019-12-11 12:59:34,95
2019-12-11 12:59:49,94
2019-12-11 12:59:54,95
2019-12-11 13:00:04,96
2019-12-11 13:00:09,97
2019-12-11 13:00:14,99
2019-12-11 13:00:19,99
2019-12-11 13:00:34,100
2019-12-11 13:00:39,100
2019-12-11 13:00:44,101
2019-12-11 13:00:49,100
2019-12-11 13:00:54,101
2019-12-11 13:00:59,102
2019-12-11 13:01:04,103
2019-12-11 13:01:09,95
2019-12-11 13:01:19,97
2019-12-11 13:01:24,98
2019-12-11 13:01:29,97
2019-12-11 13:01:39,98
2019-12-11 13:01:44,100
2019-12-11 13:01:49,101
2019-12-11 13:01:59,100
2019-12-11 13:02:04,101
2019-12-11 13:02:09,102
2019-12-11 13:02:19,103
2019-12-11 13:02:34,103
2019-12-11 13:02:39,105
2019-12-11 13:02:44,104
2019-12-11 13:02:49,103
2019-12-11 13:03:04,103
2019-12-11 13:03:09,95
2019-12-11 13:03:14,94
2019-12-11 13:03:19,98
2019-12-11 13:03:25,99
2019-12-11 13:03:30,100
2019-12-11 13:03:35,101
2019-12-11 13:03:40,103
2019-12-11 13:03:45,106
2019-12-11 13:03:50,108
2019-12-11 13:03:55,112
2019-12-11 13:04:00,116
2019-12-11 13:04:05,121
2019-12-11 13:04:10,126
2019-12-11 13:04:15,128
2019-12-11 13:04:20,129
2019-12-11 13:04:25,128
2019-12-11 13:04:30,127
2019-12-11 13:04:35,126
2019-12-11 13:04:40,125
2019-12-11 13:04:45,124
2019-12-11 13:04:50,128
2019-12-11 13:04:55,129
2019-12-11 13:05:00,128
2019-12-11 13:05:15,127
2019-12-11 13:05:20,125
2019-12-11 13:05:25,123
2019-12-11 13:05:30,124
2019-12-11 13:05:35,127
2019-12-11 13:05:40,129
2019-12-11 13:05:55,127
2019-12-11 13:06:00,110
2019-12-11 13:06:05,101
2019-12-11 13:06:10,97
2019-12-11 13:06:15,96
2019-12-11 13:06:20,95
2019-12-11 13:06:30,94
2019-12-11 13:06:35,92
2019-12-11 13:06:45,98
2019-12-11 13:06:50,105
2019-12-11 13:06:55,108
2019-12-11 13:07:00,112
2019-12-11 13:07:05,116
2019-12-11 13:07:10,120
2019-12-11 13:07:15,124
2019-12-11 13:07:20,126
2019-12-11 13:07:25,127
2019-12-11 13:07:30,128
2019-12-11 13:07:35,130
2019-12-11 13:07:40,133
2019-12-11 13:07:45,134
2019-12-11 13:08:00,133
2019-12-11 13:08:05,134
2019-12-11 13:08:10,139
2019-12-11 13:08:15,141
2019-12-11 13:08:20,143
2019-12-11 13:08:25,139
2019-12-11 13:08:30,134
2019-12-11 13:08:35,129
2019-12-11 13:08:45,132
2019-12-11 13:08:50,135
2019-12-11 13:08:55,138
2019-12-11 13:09:05,136
2019-12-11 13:09:10,132
2019-12-11 13:09:15,135
2019-12-11 13:09:20,139
2019-12-11 13:09:25,137
2019-12-11 13:09:30,133
2019-12-11 13:09:35,128
2019-12-11 13:09:40,123
2019-12-11 13:09:45,124
2019-12-11 13:09:50,128
2019-12-11 13:09:55,140
2019-12-11 13:10:00,154
2019-12-11 13:10:05,157
2019-12-11 13:10:10,156
2019-12-11 13:10:15,155
2019-12-11 13:10:30,154
2019-12-11 13:10:40,153
2019-12-11 13:10:45,152
2019-12-11 13:10:50,150
2019-12-11 13:10:55,147
2019-12-11 13:11:00,147
2019-12-11 13:11:10,146
2019-12-11 13:11:15,145
2019-12-11 13:11:25,144
2019-12-11 13:11:30,142
2019-12-11 13:11:35,141
2019-12-11 13:11:40,140
2019-12-11 13:11:45,138
2019-12-11 13:11:50,136
2019-12-11 13:11:55,132
2019-12-11 13:12:00,129
2019-12-11 13:12:05,128
2019-12-11 13:12:10,121
2019-12-11 13:12:15,118
2019-12-11 13:12:25,119
2019-12-11 13:12:40,117
2019-12-11 13:12:45,116
2019-12-11 13:12:50,117
2019-12-11 13:12:55,118
2019-12-11 13:13:00,119
2019-12-11 13:13:05,118
2019-12-11 13:13:10,117
2019-12-11 13:13:25,117
2019-12-11 13:13:30,118
2019-12-11 13:13:35,117
2019-12-11 13:13:40,115
2019-12-11 13:13:45,113
2019-12-11 13:13:50,112
2019-12-11 13:13:55,110
2019-12-11 13:14:05,114
2019-12-11 13:14:10,118
2019-12-11 13:14:15,120
2019-12-11 13:14:20,123
2019-12-11 13:14:25,122
2019-12-11 13:14:30,123
2019-12-11 13:14:45,122
2019-12-11 13:14:50,123
2019-12-11 13:14:55,126
2019-12-11 13:15:00,130
2019-12-11 13:15:05,132
2019-12-11 13:15:10,133
2019-12-11 13:15:15,135
2019-12-11 13:15:25,137
2019-12-11 13:15:30,135
2019-12-11 13:15:35,132
2019-12-11 13:15:40,136
2019-12-11 13:15:45,143
2019-12-11 13:15:50,149
2019-12-11 13:15:55,155
2019-12-11 13:16:00,162
2019-12-11 13:16:05,165
2019-12-11 13:16:10,159
2019-12-11 13:16:15,155
2019-12-11 13:16:20,153
2019-12-11 13:16:25,150
2019-12-11 13:16:30,148
2019-12-11 13:16:35,146
2019-12-11 13:16:40,143
2019-12-11 13:16:45,141
2019-12-11 13:16:50,137
2019-12-11 13:16:55,134
2019-12-11 13:17:00,134
2019-12-11 13:17:05,131
2019-12-11 13:17:10,138
2019-12-11 13:17:20,140
2019-12-11 13:17:25,146
2019-12-11 13:17:30,147
2019-12-11 13:17:45,146
2019-12-11 13:17:50,144
2019-12-11 13:17:55,141
2019-12-11 13:18:00,138
2019-12-11 13:18:05,137
2019-12-11 13:18:10,134
2019-12-11 13:18:15,130
2019-12-11 13:18:20,127
2019-12-11 13:18:25,125
2019-12-11 13:18:30,123
2019-12-11 13:18:35,122
2019-12-11 13:18:40,123
2019-12-11 13:18:45,124
2019-12-11 13:18:55,123
2019-12-11 13:19:01,122
2019-12-11 13:19:06,124
2019-12-11 13:19:16,123
2019-12-11 13:19:26,124
2019-12-11 13:19:31,123
2019-12-11 13:19:46,123
2019-12-11 13:19:51,122
2019-12-11 13:20:06,122
2019-12-11 13:20:11,121
2019-12-11 13:20:16,120
2019-12-11 13:20:26,119
2019-12-11 13:20:41,120
2019-12-11 13:20:46,119
2019-12-11 13:20:56,120
2019-12-11 13:21:01,123
2019-12-11 13:21:06,126
2019-12-11 13:21:11,127
2019-12-11 13:21:16,131
2019-12-11 13:21:21,137
2019-12-11 13:21:26,138
2019-12-11 13:21:31,135
2019-12-11 13:21:36,133
2019-12-11 13:21:41,138
2019-12-11 13:21:46,143
2019-12-11 13:21:51,147
2019-12-11 13:21:56,148
2019-12-11 13:22:06,150
2019-12-11 13:22:11,155
2019-12-11 13:22:16,153
2019-12-11 13:22:21,151
2019-12-11 13:22:26,147
2019-12-11 13:22:31,144
2019-12-11 13:22:36,138
2019-12-11 13:22:41,132
2019-12-11 13:22:46,126
2019-12-11 13:22:51,123
2019-12-11 13:22:56,121
2019-12-11 13:23:01,115
2019-12-11 13:23:06,109
2019-12-11 13:23:16,117
2019-12-11 13:23:21,127
2019-12-11 13:23:26,131
2019-12-11 13:23:31,137
2019-12-11 13:23:36,145
2019-12-11 13:23:41,152
2019-12-11 13:23:46,158
2019-12-11 13:23:51,162
2019-12-11 13:23:56,164
2019-12-11 13:24:01,167
2019-12-11 13:24:06,169
2019-12-11 13:24:11,171
2019-12-11 13:24:16,171
2019-12-11 13:24:21,169
2019-12-11 13:24:26,168
2019-12-11 13:24:36,164
2019-12-11 13:24:41,160
2019-12-11 13:24:46,157
2019-12-11 13:24:51,155
2019-12-11 13:25:01,154
2019-12-11 13:25:11,155
2019-12-11 13:25:16,152
2019-12-11 13:25:31,152
2019-12-11 13:25:36,150
2019-12-11 13:25:41,147
2019-12-11 13:25:46,145
2019-12-11 13:25:56,144
2019-12-11 13:26:01,144
2019-12-11 13:26:06,143
2019-12-11 13:26:11,142
2019-12-11 13:26:16,139
2019-12-11 13:26:21,136
2019-12-11 13:26:26,135
2019-12-11 13:26:41,135
2019-12-11 13:26:51,134
2019-12-11 13:26:56,131
2019-12-11 13:27:01,130
2019-12-11 13:27:06,129
2019-12-11 13:27:11,126
2019-12-11 13:27:16,123
2019-12-11 13:27:21,122
2019-12-11 13:27:26,121
2019-12-11 13:27:36,120
2019-12-11 13:27:51,120
2019-12-11 13:27:56,118
2019-12-11 13:28:01,117
2019-12-11 13:28:06,116
2019-12-11 13:28:11,119
2019-12-11 13:28:16,121
2019-12-11 13:28:21,123
2019-12-11 13:28:26,121
2019-12-11 13:28:36,122
2019-12-11 13:28:41,122
2019-12-11 13:28:56,122
2019-12-11 13:29:11,120
2019-12-11 13:29:16,119
2019-12-11 13:29:21,120
2019-12-11 13:29:36,119
2019-12-11 13:29:41,116
2019-12-11 13:29:46,115
2019-12-11 13:29:51,114
2019-12-11 13:29:56,113
2019-12-11 13:30:01,113
2019-12-11 13:30:16,111
2019-12-11 13:30:21,113
2019-12-11 13:30:26,114
2019-12-11 13:30:31,115
2019-12-11 13:33:08,70
2019-12-11 13:33:23,70
2019-12-11 13:33:40,102
2019-12-11 13:33:45,108
2019-12-11 13:33:50,102
2019-12-11 13:33:55,94
2019-12-11 13:34:00,93
2019-12-11 13:34:05,92
2019-12-11 13:34:10,89
2019-12-11 13:34:15,86
2019-12-11 13:34:20,85
2019-12-11 13:36:37,70
2019-12-11 13:36:47,70
2019-12-11 13:36:52,90
2019-11-13 10:02:25,76
2019-11-13 10:02:40,76
2019-11-13 10:02:45,76
2019-11-13 10:02:50,75
2019-11-13 10:02:55,76
2019-11-13 10:03:00,77
2019-11-13 10:03:15,77
2019-11-13 10:03:30,77
2019-11-13 10:03:35,77
2019-11-13 10:03:40,78
2019-11-13 10:03:45,80
2019-11-13 10:03:50,82
2019-11-13 10:04:05,82
2019-11-13 10:04:10,84
2019-11-13 10:04:20,85
2019-11-13 10:04:25,83
2019-11-13 10:04:40,83
2019-11-13 10:04:45,84
2019-11-13 10:04:54,85
2019-11-13 10:05:04,85
2019-11-13 10:05:19,85
2019-11-13 10:05:34,85
2019-11-13 10:05:39,83
2019-11-13 10:05:44,80
2019-11-13 10:05:49,78
2019-11-13 10:05:59,78
2019-11-13 10:06:09,79
2019-11-13 10:06:24,79
2019-11-13 10:06:29,80
2019-11-13 10:06:34,81
2019-11-13 10:06:44,82
2019-11-13 10:06:49,83
2019-11-13 10:06:54,82
2019-11-13 10:07:04,83
2019-11-13 10:07:14,82
2019-11-13 10:07:19,81
2019-11-13 10:07:24,78
2019-11-13 10:07:29,74
2019-11-13 10:07:42,72
2019-11-13 10:07:47,74
2019-11-13 10:08:02,73
2019-11-13 10:08:07,74
2019-11-13 10:08:12,72
2019-11-13 10:08:33,70
2019-11-13 10:08:55,70
2019-11-13 10:09:05,74
2019-11-13 10:09:10,80
2019-11-13 10:09:15,78
2019-11-13 10:09:30,76
2019-11-13 10:09:35,75
2019-11-13 10:09:40,74
2019-11-13 10:09:45,72
2019-11-13 10:09:50,71
2019-11-13 10:09:55,69
2019-11-13 10:10:00,67
2019-11-13 10:10:05,66
2019-11-13 10:10:15,67
2019-11-13 10:10:20,68
2019-11-13 10:10:25,69
2019-11-13 10:10:30,70
2019-11-13 10:10:35,72
2019-11-13 10:10:40,73
2019-11-13 10:10:45,74
2019-11-13 10:10:50,75
2019-11-13 10:11:00,75
2019-11-13 10:11:05,76
2019-11-13 10:11:10,75
2019-11-13 10:11:15,76
2019-11-13 10:11:25,77
2019-11-13 10:11:40,77
2019-11-13 10:12:05,70
2019-11-13 10:12:27,69
2019-11-13 10:12:32,71
2019-11-13 10:13:09,70
2019-11-13 10:13:14,69
2019-11-13 10:13:59,70
2019-11-13 10:14:09,69
2019-11-13 10:14:14,67
2019-11-13 10:14:19,66
2019-11-13 10:14:24,69
2019-11-13 10:15:28,70
2019-11-13 10:15:39,70
2019-11-13 10:15:49,70
2019-11-13 10:15:54,79
2019-11-13 10:15:59,72
2019-11-13 10:16:04,70
2019-11-13 10:16:09,68
2019-11-13 10:16:14,67
2019-11-13 10:16:19,68
2019-11-13 10:16:24,67
2019-11-13 10:16:37,69
2019-11-13 10:16:42,72
2019-11-13 10:16:47,73
2019-11-13 10:16:52,74
2019-11-13 10:16:57,75
2019-11-13 10:17:02,76
2019-11-13 10:17:07,76
2019-11-13 10:17:12,79
2019-11-13 10:17:17,80
2019-11-13 10:17:22,81
2019-11-13 10:17:32,82
2019-11-13 10:17:37,84
2019-11-13 10:17:42,103
2019-11-13 10:17:47,118
2019-11-13 10:17:52,122
2019-11-13 10:17:57,127
2019-11-13 10:18:02,129
2019-11-13 10:18:12,133
2019-11-13 10:18:17,138
2019-11-13 10:18:32,138
2019-11-13 10:18:42,138
2019-11-13 10:18:47,142
2019-11-13 10:18:53,144
2019-11-13 10:18:58,145
2019-11-13 10:19:03,148
2019-11-13 10:19:13,149
2019-11-13 10:19:18,150
2019-11-13 10:19:28,149
2019-11-13 10:19:33,148
2019-11-13 10:19:38,150
2019-11-13 10:19:43,150
2019-11-13 10:19:53,154
2019-11-13 10:19:58,156
2019-11-13 10:20:03,161
2019-11-13 10:20:13,156
2019-11-13 10:20:18,155
2019-11-13 10:20:23,157
2019-11-13 10:20:28,154
2019-11-13 10:20:33,152
2019-11-13 10:20:43,155
2019-11-13 10:20:48,161
2019-11-13 10:20:53,163
2019-11-13 10:20:58,164
2019-11-13 10:21:03,160
2019-11-13 10:21:08,157
2019-11-13 10:21:13,153
2019-11-13 10:21:18,151
2019-11-13 10:21:28,145
2019-11-13 10:21:33,140
2019-11-13 10:21:38,139
2019-11-13 10:21:53,139
2019-11-13 10:22:03,138
2019-11-13 10:22:08,136
2019-11-13 10:22:13,134
2019-11-13 10:22:18,132
2019-11-13 10:22:23,130
2019-11-13 10:22:28,127
2019-11-13 10:22:33,124
2019-11-13 10:22:43,123
2019-11-13 10:22:53,112
2019-11-13 10:22:58,110
2019-11-13 10:23:13,108
2019-11-13 10:23:18,105
2019-11-13 10:23:23,102
2019-11-13 10:23:28,100
2019-11-13 10:23:33,98
2019-11-13 10:23:43,98
2019-11-13 10:23:58,98
2019-11-13 10:24:13,98
2019-11-13 10:24:23,100
2019-11-13 10:24:38,100
2019-11-13 10:24:48,101
2019-11-13 10:24:53,102
2019-11-13 10:24:58,104
2019-11-13 10:25:03,105
2019-11-13 10:25:08,105
2019-11-13 10:25:23,112
2019-11-13 10:25:28,117
2019-11-13 10:25:33,115
2019-11-13 10:25:48,115
2019-11-13 10:26:03,115
2019-11-13 10:26:18,115
2019-11-13 10:26:33,115
2019-11-13 10:26:38,112
2019-11-13 10:26:43,106
2019-11-13 10:26:48,103
2019-11-13 10:26:53,100
2019-11-13 10:27:03,98
2019-11-13 10:27:08,94
2019-11-13 10:27:13,93
2019-11-13 10:27:28,93
2019-11-13 10:27:43,94
2019-11-13 10:27:58,95
2019-11-13 10:28:13,96
2019-11-13 10:28:18,97
2019-11-13 10:28:33,97
2019-11-13 10:28:38,98
2019-11-13 10:28:53,98
2019-11-13 10:28:58,92
2019-11-13 10:29:03,91
2019-11-13 10:29:18,91
2019-11-13 10:29:23,92
2019-11-13 10:29:29,97
2019-11-13 10:29:34,98
2019-11-13 10:29:49,98
2019-11-13 10:29:54,96
2019-11-13 10:30:09,96
2019-11-13 10:30:14,95
2019-11-13 10:30:19,102
2019-11-13 10:30:24,105
2019-11-13 10:30:34,106
2019-11-13 10:30:39,105
2019-11-13 10:30:44,106
2019-11-13 10:30:49,104
2019-11-13 10:30:54,105
2019-11-13 10:31:04,107
2019-11-13 10:31:09,108
2019-11-13 10:31:14,108
2019-11-13 10:31:24,111
2019-11-13 10:31:29,121
2019-11-13 10:31:34,122
2019-11-13 10:31:39,120
2019-11-13 10:31:44,117
2019-11-13 10:31:49,113
2019-11-13 10:31:54,107
2019-11-13 10:32:09,106
2019-11-13 10:32:14,105
2019-11-13 10:32:29,105
2019-11-13 10:32:34,105
2019-11-13 10:32:49,105
2019-11-13 10:33:04,105
2019-11-13 10:33:14,104
2019-11-13 10:33:29,104
2019-11-13 10:33:39,107
2019-11-13 10:33:44,109
2019-11-13 10:33:59,109
2019-11-13 10:34:04,111
2019-11-13 10:34:14,112
2019-11-13 10:34:24,111
2019-11-13 10:34:29,110
2019-11-13 10:34:34,111
2019-11-13 10:34:49,111
2019-11-13 10:34:59,112
2019-11-13 10:35:04,111
2019-11-13 10:35:09,110
2019-11-13 10:35:24,110
2019-11-13 10:35:29,111
2019-11-13 10:35:44,111
2019-11-13 10:35:49,110
2019-11-13 10:35:59,111
2019-11-13 10:36:14,111
2019-11-13 10:36:19,102
2019-11-13 10:36:25,97
2019-11-13 10:36:30,91
2019-11-13 10:36:35,86
2019-11-13 10:36:45,84
2019-11-13 10:36:50,83
2019-11-13 10:37:00,87
2019-11-13 10:37:05,92
2019-11-13 10:37:10,94
2019-11-13 10:37:15,95
2019-11-13 10:37:20,97
2019-11-13 10:37:25,98
2019-11-13 10:37:30,99
2019-11-13 10:37:40,98
2019-11-13 10:37:45,99
2019-11-13 10:37:50,98
2019-11-13 10:37:55,97
2019-11-13 10:38:00,96
2019-11-13 10:38:05,101
2019-11-13 10:38:10,100
2019-11-13 10:38:15,98
2019-11-13 10:38:20,97
2019-11-13 10:38:25,97
2019-11-13 10:38:35,95
2019-11-13 10:38:40,94
2019-11-13 10:38:45,93
2019-11-13 10:38:55,95
2019-11-13 10:39:00,98
2019-11-13 10:39:06,99
2019-11-13 10:39:11,98
2019-11-13 10:39:16,97
2019-11-13 10:39:31,98
2019-11-13 10:39:36,99
2019-11-13 10:39:46,100
2019-11-13 10:39:51,101
2019-11-13 10:39:56,102
2019-11-13 10:40:01,103
2019-11-13 10:40:11,102
2019-11-13 10:40:21,103
2019-11-13 10:40:26,101
2019-11-13 10:40:36,99
2019-11-13 10:40:41,97
2019-11-13 10:40:56,97
2019-11-13 10:41:11,97
2019-11-13 10:41:34,97
2019-11-13 10:41:49,97
2019-11-13 10:42:09,97
2019-11-13 10:42:24,97
2019-11-13 10:42:39,97
2019-11-13 10:42:54,97
2019-11-13 10:43:04,97
2019-11-13 10:43:19,97
2019-11-13 10:43:24,98
2019-11-13 10:43:39,98
2019-11-13 10:43:54,98
2019-11-13 10:44:09,98
2019-11-13 10:44:24,98
2019-11-13 10:44:29,99
2019-11-13 10:44:44,101
2019-11-13 10:44:59,101
2019-11-13 10:45:14,101
2019-11-13 10:45:29,101
2019-11-13 10:45:39,102
2019-11-13 10:45:49,102
2019-11-13 10:45:54,102
2019-11-13 10:46:09,102
2019-11-13 10:46:24,102
2019-11-13 10:46:39,102
2019-11-13 10:46:54,102
2019-11-13 10:47:09,102
2019-11-13 10:47:24,102
2019-11-13 10:47:34,102
2019-11-13 10:47:39,102
2019-11-13 10:47:49,101
2019-11-13 10:47:54,99
2019-11-13 10:47:59,98
2019-11-13 10:48:14,98
2019-11-13 10:48:29,98
2019-11-13 10:48:44,98
2019-11-13 10:48:59,98
2019-11-13 10:49:14,98
2019-11-13 10:49:29,98
2019-11-13 10:49:39,98
2019-11-13 10:49:54,99
2019-11-13 10:49:59,101
2019-11-13 10:50:04,102
2019-11-20 10:08:34,101
2019-11-20 10:08:39,106
2019-11-20 10:08:44,109
2019-11-20 10:08:49,113
2019-11-20 10:08:54,120
2019-11-20 10:08:59,120
2019-11-20 10:09:04,122
2019-11-20 10:09:14,122
2019-11-20 10:09:24,121
2019-11-20 10:09:29,119
2019-11-20 10:09:34,116
2019-11-20 10:09:39,114
2019-11-20 10:09:44,111
2019-11-20 10:09:49,113
2019-11-20 10:09:59,114
2019-11-20 10:10:04,116
2019-11-20 10:10:09,122
2019-11-20 10:10:14,145
2019-11-20 10:10:19,159
2019-11-20 10:10:24,161
2019-11-20 10:10:29,163
2019-11-20 10:10:34,164
2019-11-20 10:10:49,164
2019-11-20 10:10:54,167
2019-11-20 10:10:59,168
2019-11-20 10:11:04,167
2019-11-20 10:11:09,165
2019-11-20 10:11:14,163
2019-11-20 10:11:19,159
2019-11-20 10:11:24,156
2019-11-20 10:11:29,154
2019-11-20 10:11:34,152
2019-11-20 10:11:39,151
2019-11-20 10:11:44,148
2019-11-20 10:11:54,146
2019-11-20 10:12:04,144
2019-11-20 10:12:09,143
2019-11-20 10:12:14,139
2019-11-20 10:12:24,140
2019-11-20 10:12:29,134
2019-11-20 10:12:34,123
2019-11-20 10:12:39,124
2019-11-20 10:12:44,121
2019-11-20 10:12:49,116
2019-11-20 10:12:54,111
2019-11-20 10:12:59,107
2019-11-20 10:13:14,107
2019-11-20 10:13:19,109
2019-11-20 10:13:24,113
2019-11-20 10:13:29,115
2019-11-20 10:13:34,117
2019-11-20 10:13:39,118
2019-11-20 10:13:44,120
2019-11-20 10:13:49,126
2019-11-20 10:13:54,127
2019-11-20 10:14:00,125
2019-11-20 10:14:05,124
2019-11-20 10:14:20,122
2019-11-20 10:14:25,119
2019-11-20 10:14:30,118
2019-11-20 10:14:35,116
2019-11-20 10:14:45,120
2019-11-20 10:14:50,121
2019-11-20 10:14:55,120
2019-11-20 10:15:00,121
2019-11-20 10:15:05,122
2019-11-20 10:15:10,125
2019-11-20 10:15:15,124
2019-11-20 10:15:20,121
2019-11-20 10:15:25,119
2019-11-20 10:15:30,118
2019-11-20 10:15:35,114
2019-11-20 10:15:40,111
2019-11-20 10:15:45,112
2019-11-20 10:15:50,114
2019-11-20 10:15:55,115
2019-11-20 10:16:00,114
2019-11-20 10:16:05,111
2019-11-20 10:16:10,110
2019-11-20 10:16:15,109
2019-11-20 10:16:20,107
2019-11-20 10:16:25,106
2019-11-20 10:16:30,106
2019-11-20 10:16:35,107
2019-11-20 10:16:40,104
2019-11-20 10:16:50,103
2019-11-20 10:16:55,102
2019-11-20 10:17:00,107
2019-11-20 10:17:05,111
2019-11-20 10:17:15,108
2019-11-20 10:17:20,107
2019-11-20 10:17:25,106
2019-11-20 10:17:30,108
2019-11-20 10:17:35,109
2019-11-20 10:17:40,110
2019-11-20 10:17:50,109
2019-11-20 10:17:55,108
2019-11-20 10:18:00,102
2019-11-20 10:18:05,101
2019-11-20 10:18:10,98
2019-11-20 10:18:15,94
2019-11-20 10:18:30,95
2019-11-20 10:18:35,103
2019-11-20 10:18:40,106
2019-11-20 10:18:45,104
2019-11-20 10:18:50,103
2019-11-20 10:18:55,106
2019-11-20 10:19:00,109
2019-11-20 10:19:05,113
2019-11-20 10:19:10,116
2019-11-20 10:19:15,119
2019-11-20 10:19:25,118
2019-11-20 10:19:30,119
2019-11-20 10:19:35,118
2019-11-20 10:19:45,117
2019-11-20 10:19:50,118
2019-11-20 10:20:00,119
2019-11-20 10:20:05,121
2019-11-20 10:20:10,122
2019-11-20 10:20:15,124
2019-11-20 10:20:30,124
2019-11-20 10:20:35,123
2019-11-20 10:20:40,122
2019-11-20 10:20:45,121
2019-11-20 10:20:50,120
2019-11-20 10:20:55,118
2019-11-20 10:21:00,116
2019-11-20 10:21:05,113
2019-11-20 10:21:15,112
2019-11-20 10:21:20,114
2019-11-20 10:21:30,111
2019-11-20 10:21:35,109
2019-11-20 10:21:40,108
2019-11-20 10:21:45,106
2019-11-20 10:21:50,111
2019-11-20 10:21:57,107
2019-11-20 10:22:02,101
2019-11-20 10:22:07,102
2019-11-20 10:22:17,100
2019-11-20 10:22:22,96
2019-11-20 10:22:32,97
2019-11-20 10:22:37,100
2019-11-20 10:22:42,102
2019-11-20 10:22:47,104
2019-11-20 10:22:52,105
2019-11-20 10:22:57,106
2019-11-20 10:23:07,105
2019-11-20 10:23:12,103
2019-11-20 10:23:17,104
2019-11-20 10:23:22,105
2019-11-20 10:23:27,108
2019-11-20 10:23:32,109
2019-11-20 10:23:37,108
2019-11-20 10:23:42,107
2019-11-20 10:23:52,109
2019-11-20 10:23:57,113
2019-11-20 10:24:02,111
2019-11-20 10:24:07,115
2019-11-20 10:24:12,118
2019-11-20 10:24:17,131
2019-11-20 10:24:22,133
2019-11-20 10:24:27,133
2019-11-20 10:24:32,132
2019-11-20 10:24:42,133
2019-11-20 10:24:47,131
2019-11-20 10:24:52,128
2019-11-20 10:25:02,125
2019-11-20 10:25:07,121
2019-11-20 10:25:17,122
2019-11-20 10:25:22,123
2019-11-20 10:25:27,125
2019-11-20 10:25:32,126
2019-11-20 10:25:37,125
2019-11-20 10:25:47,126
2019-11-20 10:25:52,127
2019-11-20 10:25:57,128
2019-11-20 10:26:02,127
2019-11-20 10:26:07,126
2019-11-20 10:26:12,127
2019-11-20 10:26:17,129
2019-11-20 10:26:22,133
2019-11-20 10:26:27,135
2019-11-20 10:26:32,136
2019-11-20 10:26:37,131
2019-11-20 10:26:42,128
2019-11-20 10:26:47,124
2019-11-20 10:26:52,123
2019-11-20 10:27:02,122
2019-11-20 10:27:07,124
2019-11-20 10:27:12,123
2019-11-20 10:27:17,121
2019-11-20 10:27:27,119
2019-11-20 10:27:32,118
2019-11-20 10:27:37,117
2019-11-20 10:27:42,119
2019-11-20 10:27:47,121
2019-11-20 10:27:57,120
2019-11-20 10:28:02,121
2019-11-20 10:28:07,125
2019-11-20 10:28:12,130
2019-11-20 10:28:17,131
2019-11-20 10:28:22,128
2019-11-20 10:28:27,127
2019-11-20 10:28:37,126
2019-11-20 10:28:42,120
2019-11-20 10:28:47,117
2019-11-20 10:29:02,118
2019-11-20 10:29:07,116
2019-11-20 10:29:12,114
2019-11-20 10:29:17,115
2019-11-20 10:29:27,117
2019-11-20 10:29:32,119
2019-11-20 10:29:42,121
2019-11-20 10:29:52,119
2019-11-20 10:29:57,121
2019-11-20 10:30:02,118
2019-11-20 10:30:07,117
2019-11-20 10:30:12,115
2019-11-20 10:30:17,118
2019-11-20 10:30:22,119
2019-11-20 10:30:27,115
2019-11-20 10:30:32,112
2019-11-20 10:30:37,111
2019-11-20 10:30:42,112
2019-11-20 10:30:47,115
2019-11-20 10:30:57,117
2019-11-20 10:31:02,116
2019-11-20 10:31:07,115
2019-11-20 10:31:12,116
2019-11-20 10:31:17,118
2019-11-20 10:31:27,117
2019-11-20 10:31:42,117
2019-11-20 10:31:47,118
2019-11-20 10:31:52,122
2019-11-20 10:32:02,121
2019-11-20 10:32:07,118
2019-11-20 10:32:12,111
2019-11-20 10:32:17,110
2019-11-20 10:32:22,107
2019-11-20 10:32:27,106
2019-11-20 10:32:32,107
2019-11-20 10:32:37,107
2019-11-20 10:32:42,107
2019-11-20 10:32:52,108
2019-11-20 10:32:57,107
2019-11-20 10:33:02,110
2019-11-20 10:33:07,109
2019-11-20 10:33:12,110
2019-11-20 10:33:17,111
2019-11-20 10:33:27,112
2019-11-20 10:33:32,111
2019-11-20 10:33:37,110
2019-11-20 10:33:47,108
2019-11-20 10:33:52,107
2019-11-20 10:33:57,106
2019-11-20 10:34:02,107
2019-11-20 10:34:12,107
2019-11-20 10:34:22,106
2019-11-20 10:34:37,110
2019-11-20 10:34:42,111
2019-11-20 10:34:52,106
2019-11-20 10:34:57,110
2019-11-20 10:35:12,109
2019-11-20 10:35:22,110
2019-11-20 10:35:27,109
2019-11-20 10:35:32,111
2019-11-20 10:35:37,113
2019-11-20 10:35:52,120
2019-11-20 10:36:02,118
2019-11-20 10:36:07,117
2019-11-20 10:36:12,114
2019-11-20 10:36:17,113
2019-11-20 10:36:22,115
2019-11-20 10:36:27,113
2019-11-20 10:36:32,111
2019-11-20 10:36:42,112
2019-11-20 10:36:47,113
2019-11-20 10:36:52,114
2019-11-20 10:36:57,113
2019-11-20 10:37:02,109
2019-11-20 10:37:17,108
2019-11-20 10:37:22,112
2019-11-20 10:37:27,123
2019-11-20 10:37:32,123
2019-11-20 10:37:37,118
2019-11-20 10:37:42,124
2019-11-20 10:37:52,121
2019-11-20 10:37:57,115
2019-11-20 10:38:02,108
2019-11-20 10:38:07,106
2019-11-20 10:38:12,102
2019-11-20 10:38:17,99
2019-11-20 10:38:22,98
2019-11-20 10:38:27,96
2019-11-20 10:38:32,95
2019-11-20 10:38:38,94
2019-11-20 10:38:48,96
2019-11-20 10:38:58,94
2019-11-20 10:39:13,94
2019-11-20 10:39:18,95
2019-11-20 10:39:23,96
2019-11-20 10:39:28,97
2019-11-20 10:39:38,98
2019-11-20 10:39:43,99
2019-11-20 10:39:53,100
2019-11-20 10:39:58,105
2019-11-20 10:40:03,108
2019-11-20 10:40:13,110
2019-11-20 10:40:18,110
2019-11-20 10:40:23,111
2019-11-20 10:40:38,111
2019-12-04 16:18:50,90
2019-12-04 16:18:55,88
2019-12-04 16:19:05,83
2019-12-04 16:19:10,81
2019-12-04 16:19:20,80
2019-12-04 16:19:25,79
2019-12-04 16:19:30,80
2019-12-04 16:19:35,81
2019-12-04 16:19:40,80
2019-12-04 16:19:45,82
2019-12-04 16:19:50,84
2019-12-04 16:19:55,80
2019-12-04 16:20:00,79
2019-12-04 16:20:05,78
2019-12-04 16:20:20,74
2019-12-04 16:20:25,71
2019-12-04 16:20:30,69
2019-12-04 16:20:35,66
2019-12-04 16:20:40,68
2019-12-04 16:20:45,72
2019-12-04 16:20:55,73
2019-12-04 16:21:00,71
2019-12-04 16:21:05,70
2019-12-04 16:21:10,72
2019-12-04 16:21:15,73
2019-12-04 16:21:25,74
2019-12-04 16:21:35,75
2019-12-04 16:21:40,74
2019-12-04 16:21:55,77
2019-12-04 16:22:00,78
2019-12-04 16:22:05,76
2019-12-04 16:22:10,72
2019-12-04 16:22:15,70
2019-12-04 16:22:25,72
2019-12-04 16:22:30,73
2019-12-04 16:22:35,71
2019-12-04 16:22:40,69
2019-12-04 16:22:45,68
2019-12-04 16:22:50,64
2019-12-04 16:22:55,66
2019-12-04 16:23:00,70
2019-12-04 16:23:05,71
2019-12-04 16:23:10,70
2019-12-04 16:23:15,70
2019-12-04 16:23:30,71
2019-12-04 16:23:35,74
2019-12-04 16:23:40,76
2019-12-04 16:23:45,77
2019-12-04 16:23:50,76
2019-12-04 16:23:55,73
2019-12-04 16:24:05,72
2019-12-04 16:24:10,71
2019-12-04 16:24:15,72
2019-12-04 16:24:30,71
2019-12-04 16:24:35,70
2019-12-04 16:24:45,71
2019-12-04 16:24:50,66
2019-12-04 16:25:05,67
2019-12-04 16:25:10,69
2019-12-04 16:25:20,71
2019-12-04 16:25:30,72
2019-12-04 16:25:35,73
2019-12-04 16:25:40,72
2019-12-04 16:25:45,71
2019-12-04 16:25:50,72
2019-12-04 16:26:00,71
2019-12-04 16:26:05,67
2019-12-04 16:26:10,68
2019-12-04 16:26:15,67
2019-12-04 16:26:20,65
2019-12-04 16:26:25,67
2019-12-04 16:26:30,68
2019-12-04 16:26:35,68
2019-12-04 16:26:45,67
2019-12-04 16:26:50,69
2019-12-04 16:26:55,70
2019-12-04 16:27:05,68
2019-12-04 16:27:10,65
2019-12-04 16:27:15,66
2019-12-04 16:27:30,66
2019-12-04 16:27:35,69
2019-12-04 16:27:40,70
2019-12-04 16:27:45,68
2019-12-04 16:27:50,66
2019-12-04 16:28:05,68
2019-12-04 16:28:10,66
2019-12-04 16:28:15,66
2019-12-04 16:28:30,68
2019-12-04 16:28:35,70
2019-12-04 16:28:40,69
2019-12-04 16:28:45,68
2019-12-04 16:28:55,67
2019-12-04 16:29:00,68
2019-12-04 16:29:05,71
2019-12-04 16:29:20,71
2019-12-04 16:29:35,71
2019-12-04 16:29:50,71
2019-12-04 16:29:55,70
2019-12-04 16:30:00,70
2019-12-04 16:30:15,70
2019-12-04 16:30:30,70
2019-12-04 16:30:35,68
2019-12-04 16:30:40,68
2019-12-04 16:30:45,65
2019-12-04 16:30:50,66
2019-12-04 16:30:55,65
2019-12-04 16:31:05,66
2019-12-04 16:31:10,66
2019-12-04 16:31:20,67
2019-12-04 16:31:30,67
2019-12-04 16:31:35,68
2019-12-04 16:31:40,69
2019-12-04 16:31:45,68
2019-12-04 16:31:50,67
2019-12-04 16:31:55,68
2019-12-04 16:32:05,69
2019-12-04 16:32:15,74
2019-12-04 16:32:20,75
2019-12-04 16:32:25,72
2019-12-04 16:32:30,71
2019-12-04 16:32:35,71
2019-12-04 16:32:50,71
2019-12-04 16:32:55,72
2019-12-04 16:33:00,71
2019-12-04 16:33:05,70
2019-12-04 16:33:15,71
2019-12-04 16:33:30,70
2019-12-04 16:33:35,69
2019-12-04 16:33:40,70
2019-12-04 16:33:45,71
2019-12-04 16:33:50,70
2019-12-04 16:34:05,70
2019-12-04 16:34:15,69
2019-12-04 16:34:30,69
2019-12-04 16:34:35,68
2019-12-04 16:34:40,67
2019-12-04 16:34:50,68
2019-12-04 16:34:55,69
2019-12-04 16:35:10,71
2019-12-04 16:35:20,70
2019-12-04 16:35:35,70
2019-12-04 16:35:45,67
2019-12-04 16:35:55,68
2019-12-04 16:36:10,68
2019-12-04 16:36:20,71
2019-12-04 16:36:25,72
2019-12-04 16:36:40,72
2019-12-04 16:36:45,70
2019-12-04 16:36:50,67
2019-12-04 16:36:55,65
2019-12-04 16:37:00,67
2019-12-04 16:37:10,68
2019-12-04 16:37:15,71
2019-12-04 16:37:21,72
2019-12-04 16:37:31,74
2019-12-04 16:37:36,76
2019-12-04 16:37:51,74
2019-12-04 16:37:56,71
2019-12-04 16:38:01,71
2019-12-04 16:38:11,69
2019-12-04 16:38:16,67
2019-12-04 16:38:31,68
2019-12-04 16:38:46,72
2019-12-04 16:38:51,70
2019-12-04 16:38:56,69
2019-12-04 16:39:01,67
2019-12-04 16:39:06,65
2019-12-04 16:39:11,66
2019-12-04 16:39:26,65
2019-12-04 16:39:41,65
2019-12-04 16:39:56,65
2019-12-04 16:40:06,65
2019-12-04 16:40:16,66
2019-12-04 16:40:54,70
2019-12-04 16:40:59,70
2019-12-04 16:42:47,70
2019-12-04 16:42:57,72
2019-12-04 16:43:02,85
2019-12-04 16:43:07,84
2019-12-04 16:43:12,76
2019-12-04 16:43:17,77
2019-12-04 16:43:22,76
2019-12-04 16:44:33,70
2019-12-04 16:45:17,70
2019-12-04 16:45:22,70
2019-12-04 16:45:27,78
2019-12-04 16:45:32,86
2019-12-04 16:45:37,85
2019-12-04 16:46:02,70
2019-12-04 16:46:12,74
2019-12-04 16:46:17,77
2019-12-04 16:46:22,71
2019-12-04 16:46:27,70
2019-12-04 16:46:32,69
2019-12-04 16:46:37,65
2019-12-04 16:46:52,65
2019-12-04 16:47:22,70
2019-12-04 16:47:27,70
2019-12-04 16:48:01,70
2019-12-04 16:48:06,70
2019-12-04 16:48:16,95
2019-12-04 16:48:21,99
2019-12-04 16:48:36,99
2019-12-04 16:48:51,99
2019-12-04 16:49:01,96
2019-12-04 16:49:16,96
2019-12-04 16:49:26,92
2019-12-04 16:49:31,94
2019-12-04 16:49:36,96
2019-12-04 16:49:41,97
2019-12-04 16:49:46,98
2019-12-11 14:13:51,100
2019-12-11 14:13:56,100
2019-12-11 14:14:06,102
2019-12-11 14:14:11,104
2019-12-11 14:14:16,105
2019-12-11 14:14:26,106
2019-12-11 14:14:31,107
2019-12-11 14:14:36,107
2019-12-11 14:14:41,104
2019-12-11 14:14:46,102
2019-12-11 14:14:51,100
2019-12-11 14:15:01,99
2019-12-11 14:15:06,96
2019-12-11 14:15:11,95
2019-12-11 14:15:17,95
2019-12-11 14:15:22,98
2019-12-11 14:15:27,98
2019-12-11 14:15:32,94
2019-12-11 14:15:37,92
2019-12-11 14:15:42,93
2019-12-11 14:15:47,95
2019-12-11 14:15:52,96
2019-12-11 14:15:57,97
2019-12-11 14:16:02,101
2019-12-11 14:16:12,99
2019-12-11 14:16:27,99
2019-12-11 14:16:42,100
2019-12-11 14:16:52,101
2019-12-11 14:16:57,102
2019-12-11 14:17:02,103
2019-12-11 14:17:07,98
2019-12-11 14:17:12,100
2019-12-11 14:17:17,96
2019-12-11 14:17:22,97
2019-12-11 14:17:27,100
2019-12-11 14:17:32,101
2019-12-11 14:17:42,98
2019-12-11 14:17:47,98
2019-12-11 14:17:52,99
2019-12-11 14:17:57,101
2019-12-11 14:18:07,100
2019-12-11 14:18:13,100
2019-12-11 14:18:18,101
2019-12-11 14:18:23,102
2019-12-11 14:18:28,101
2019-12-11 14:18:33,100
2019-12-11 14:18:38,101
2019-12-11 14:18:43,101
2019-12-11 14:18:48,102
2019-12-11 14:18:53,103
2019-12-11 14:18:58,104
2019-12-11 14:19:03,103
2019-12-11 14:19:13,101
2019-12-11 14:19:18,100
2019-12-11 14:19:23,98
2019-12-11 14:19:28,97
2019-12-11 14:19:33,98
2019-12-11 14:19:43,97
2019-12-11 14:19:48,96
2019-12-11 14:20:03,97
2019-12-11 14:20:08,98
2019-12-11 14:20:13,99
2019-12-11 14:20:23,91
2019-12-11 14:20:28,90
2019-12-11 14:20:33,92
2019-12-11 14:20:38,94
2019-12-11 14:20:43,95
2019-12-11 14:20:48,98
2019-12-11 14:20:53,97
2019-12-11 14:20:58,98
2019-12-11 14:21:03,100
2019-12-11 14:21:08,104
2019-12-11 14:21:13,104
2019-12-11 14:21:18,103
2019-12-11 14:21:23,101
2019-12-11 14:21:28,104
2019-12-11 14:21:33,105
2019-12-11 14:21:43,104
2019-12-11 14:21:48,102
2019-12-11 14:21:53,98
2019-12-11 14:21:58,97
2019-12-11 14:22:03,100
2019-12-11 14:22:08,101
2019-12-11 14:22:13,100
2019-12-11 14:22:23,99
2019-12-11 14:22:33,100
2019-12-11 14:22:43,99
2019-12-11 14:22:53,98
2019-12-11 14:22:58,100
2019-12-11 14:23:03,102
2019-12-11 14:23:08,103
2019-12-11 14:23:18,102
2019-12-11 14:23:23,101
2019-12-11 14:23:28,102
2019-12-11 14:23:38,101
2019-12-11 14:23:43,102
2019-12-11 14:23:48,103
2019-12-11 14:23:53,101
2019-12-11 14:23:58,99
2019-12-11 14:24:13,100
2019-12-11 14:24:18,102
2019-12-11 14:24:33,103
2019-12-11 14:24:48,104
2019-12-11 14:24:58,102
2019-12-11 14:25:08,104
2019-12-11 14:25:13,105
2019-12-11 14:25:18,104
2019-12-11 14:25:23,105
2019-12-11 14:25:28,106
2019-12-11 14:25:33,108
2019-12-11 14:25:38,107
2019-12-11 14:25:43,103
2019-12-11 14:25:48,99
2019-12-11 14:25:53,100
2019-12-11 14:26:03,104
2019-12-11 14:26:08,106
2019-12-11 14:26:18,105
2019-12-11 14:26:23,101
2019-12-11 14:26:28,99
2019-12-11 14:26:33,98
2019-12-11 14:26:38,97
2019-12-11 14:26:43,98
2019-12-11 14:26:48,98
2019-12-11 14:26:53,99
2019-12-11 14:26:58,100
2019-12-11 14:27:03,99
2019-12-11 14:27:08,96
2019-12-11 14:27:13,95
2019-12-11 14:27:23,96
2019-12-11 14:27:28,97
2019-12-11 14:27:38,98
2019-12-11 14:27:48,99
2019-12-11 14:27:58,100
2019-12-11 14:28:13,97
2019-12-11 14:28:18,102
2019-12-11 14:28:23,105
2019-12-11 14:28:28,107
2019-12-11 14:28:33,108
2019-12-11 14:28:38,108
2019-12-11 14:28:43,109
2019-12-11 14:28:48,111
2019-12-11 14:28:53,113
2019-12-11 14:29:03,112
2019-12-11 14:29:08,107
2019-12-11 14:29:13,105
2019-12-11 14:29:18,102
2019-12-11 14:29:23,101
2019-12-11 14:29:28,100
2019-12-11 14:29:33,100
2019-12-11 14:29:38,101
2019-12-11 14:29:43,102
2019-12-11 14:29:53,103
2019-12-11 14:29:58,104
2019-12-11 14:30:03,103
2019-12-11 14:30:08,102
2019-12-11 14:30:18,101
2019-12-11 14:30:28,103
2019-12-11 14:30:33,104
2019-12-11 14:30:38,106
2019-12-11 14:30:43,107
2019-12-11 14:30:48,102
2019-12-11 14:30:53,98
2019-12-11 14:30:58,96
2019-12-11 14:31:03,97
2019-12-11 14:31:13,96
2019-12-11 14:31:18,96
2019-12-11 14:31:33,98
2019-12-11 14:31:38,100
2019-12-11 14:31:43,101
2019-12-11 14:31:48,99
2019-12-11 14:31:53,98
2019-12-11 14:31:58,97
2019-12-11 14:32:03,97
2019-12-11 14:32:08,98
2019-12-11 14:32:13,98
2019-12-11 14:32:23,97
2019-12-11 14:32:28,97
2019-12-11 14:32:38,98
2019-12-11 14:32:43,99
2019-12-11 14:32:53,103
2019-12-11 14:32:58,104
2019-12-11 14:33:13,105
2019-12-11 14:33:28,105
2019-12-11 14:33:43,105
2019-12-11 14:39:02,70
2019-12-11 14:41:19,70
2019-12-11 14:41:29,77
2019-12-11 14:41:34,83
2019-12-11 14:41:39,80
2019-12-06 10:58:32,68
2019-12-06 10:58:37,67
2019-12-06 10:58:42,68
2019-12-06 10:58:47,70
2019-12-06 10:58:52,71
2019-12-06 10:59:02,73
2019-12-06 10:59:07,74
2019-12-06 10:59:12,75
2019-12-06 10:59:22,76
2019-12-06 10:59:27,75
2019-12-06 10:59:37,76
2019-12-06 10:59:42,75
2019-12-06 10:59:47,74
2019-12-06 11:00:02,75
2019-12-06 11:00:07,82
2019-12-06 11:00:12,85
2019-12-06 11:00:17,84
2019-12-06 11:00:22,84
2019-12-06 11:00:32,82
2019-12-06 11:00:47,81
2019-12-06 11:00:52,80
2019-12-06 11:01:07,80
2019-12-06 11:01:22,80
2019-12-06 11:01:27,80
2019-12-06 11:01:32,80
2019-12-06 11:01:42,79
2019-12-06 11:01:47,76
2019-12-06 11:01:52,75
2019-12-06 11:02:02,76
2019-12-06 11:02:07,78
2019-12-06 11:02:12,79
2019-12-06 11:02:27,80
2019-12-06 11:02:42,79
2019-12-06 11:02:57,79
2019-12-06 11:03:02,78
2019-12-06 11:03:17,78
2019-12-06 11:03:27,77
2019-12-06 11:03:32,76
2019-12-06 11:03:37,75
2019-12-06 11:03:52,76
2019-12-06 11:03:57,78
2019-12-06 11:04:02,79
2019-12-06 11:04:17,79
2019-12-06 11:04:22,82
2019-12-06 11:04:27,86
2019-12-06 11:04:42,86
2019-12-06 11:04:47,87
2019-12-06 11:04:57,87
2019-12-06 11:05:12,87
2019-12-06 11:05:17,86
2019-12-06 11:05:22,85
2019-12-06 11:05:27,84
2019-12-06 11:05:32,79
2019-12-06 11:05:47,79
2019-12-06 11:06:02,79
2019-12-06 11:06:07,80
2019-12-06 11:06:22,81
2019-12-06 11:06:32,80
2019-12-06 11:06:37,78
2019-12-06 11:06:42,77
2019-12-06 11:06:47,76
2019-12-06 11:06:52,76
2019-12-06 11:06:57,76
2019-12-06 11:07:02,78
2019-12-06 11:07:07,79
2019-12-06 11:07:12,79
2019-12-06 11:07:22,78
2019-12-06 11:07:27,80
2019-12-06 11:07:42,79
2019-12-06 11:07:57,79
2019-12-06 11:08:07,80
2019-12-06 11:08:12,81
2019-12-06 11:08:27,81
2019-12-06 11:08:37,80
2019-12-06 11:08:42,77
2019-12-06 11:08:47,76
2019-12-06 11:08:57,77
2019-12-06 11:09:07,76
2019-12-06 11:09:12,76
2019-12-06 11:09:17,75
2019-12-06 11:09:27,74
2019-12-06 11:09:32,73
2019-12-06 11:09:42,74
2019-12-06 11:09:47,75
2019-12-06 11:09:52,76
2019-12-06 11:09:57,82
2019-12-06 11:10:02,78
2019-12-06 11:10:07,76
2019-12-06 11:10:12,78
2019-12-06 11:10:17,80
2019-12-06 11:10:22,80
2019-12-06 11:10:27,81
2019-12-06 11:10:37,80
2019-12-06 11:10:52,81
2019-12-06 11:11:02,80
2019-12-06 11:11:07,79
2019-12-06 11:11:22,79
2019-12-06 11:11:27,80
2019-12-06 11:11:32,79
2019-12-06 11:11:42,80
2019-12-06 11:11:47,81
2019-12-06 11:11:52,80
2019-12-06 11:12:07,80
2019-12-06 11:12:22,80
2019-12-06 11:12:23,79
2019-12-06 11:12:28,78
2019-12-06 11:12:33,77
2019-12-06 11:12:43,76
2019-12-06 11:12:58,76
2019-12-06 11:13:03,72
2019-12-06 11:13:18,72
2019-12-06 11:13:23,73
2019-12-06 11:13:33,73
2019-12-06 11:13:48,73
2019-12-06 11:13:53,74
2019-12-06 11:13:58,75
2019-12-06 11:14:03,76
2019-12-06 11:14:08,79
2019-12-06 11:14:18,78
2019-12-06 11:14:23,76
2019-12-06 11:14:28,75
2019-12-06 11:14:33,76
2019-12-06 11:14:43,77
2019-12-06 11:14:48,78
2019-12-06 11:14:53,79
2019-12-06 11:15:08,79
2019-12-06 11:15:41,79
2019-12-06 11:19:36,70
2019-12-06 11:21:12,70
2019-12-06 11:21:27,70
2019-12-06 11:21:42,70
2019-12-06 11:21:52,73
2019-12-06 11:21:57,66
2019-12-06 11:22:07,64
2019-12-06 11:22:17,65
2019-12-06 11:22:27,62
2019-12-06 11:22:32,63
2019-12-06 11:22:37,64
2019-12-06 11:22:42,63
2019-12-06 11:22:47,64
2019-12-06 11:23:02,64
2019-12-06 11:23:17,65
2019-12-06 11:23:22,67
2019-12-06 11:23:37,67
2019-12-06 11:24:15,70
2019-12-06 11:24:25,83
2019-12-06 11:24:30,83
2019-12-06 11:24:45,82
2019-12-06 11:24:50,79
2019-12-06 11:24:55,80
2019-12-06 11:25:00,84
2019-12-06 11:25:15,88
2019-12-06 11:25:20,92
2019-12-06 11:25:25,94
2019-12-06 11:25:30,95
2019-12-06 11:25:35,96
2019-12-06 11:25:40,101
2019-12-06 11:25:45,103
2019-12-06 11:25:50,104
2019-12-06 11:25:55,105
2019-12-06 11:26:00,109
2019-12-06 11:26:05,112
2019-12-06 11:26:10,116
2019-12-06 11:26:15,118
2019-12-06 11:26:20,119
2019-12-06 11:26:25,120
2019-12-06 11:26:30,122
2019-12-06 11:26:35,124
2019-12-06 11:26:40,126
2019-12-06 11:26:45,127
2019-12-06 11:26:50,127
2019-12-06 11:26:55,128
2019-12-06 11:27:00,130
2019-12-06 11:27:05,131
2019-12-06 11:27:20,132
2019-12-06 11:27:25,130
2019-12-06 11:27:30,131
2019-12-06 11:27:35,129
2019-12-06 11:27:40,128
2019-12-06 11:27:45,129
2019-12-06 11:27:50,132
2019-12-06 11:27:55,135
2019-12-06 11:28:05,134
2019-12-06 11:28:15,135
2019-12-06 11:28:20,138
2019-12-06 11:28:25,140
2019-12-06 11:28:30,142
2019-12-06 11:28:35,146
2019-12-06 11:28:40,149
2019-12-06 11:28:45,151
2019-12-06 11:28:50,149
2019-12-06 11:28:55,150
2019-12-06 11:29:00,154
2019-12-06 11:29:05,153
2019-12-06 11:29:10,151
2019-12-06 11:29:15,147
2019-12-06 11:29:20,140
2019-12-06 11:29:25,135
2019-12-06 11:29:30,130
2019-12-06 11:29:35,128
2019-12-06 11:29:40,124
2019-12-06 11:29:45,119
2019-12-06 11:29:50,118
2019-12-06 11:29:55,115
2019-12-06 11:30:00,113
2019-12-06 11:30:10,115
2019-12-06 11:30:15,116
2019-12-06 11:30:20,115
2019-12-06 12:25:04,70
2019-12-06 12:31:22,70
2019-12-06 12:32:36,70
2019-11-12 12:59:07,96
2019-11-12 12:59:17,97
2019-11-12 12:59:22,99
2019-11-12 12:59:27,98
2019-11-12 12:59:32,99
2019-11-12 12:59:37,98
2019-11-12 12:59:42,97
2019-11-12 12:59:47,96
2019-11-12 12:59:52,95
2019-11-12 12:59:57,93
2019-11-12 13:00:02,99
2019-11-12 13:00:07,98
2019-11-12 13:00:13,94
2019-11-12 13:00:18,90
2019-11-12 13:00:23,92
2019-11-12 13:00:28,94
2019-11-12 13:00:43,93
2019-11-12 13:00:53,94
2019-11-12 13:00:58,94
2019-11-12 13:01:03,93
2019-11-12 13:01:18,96
2019-11-12 13:01:23,98
2019-11-12 13:01:28,99
2019-11-12 13:01:33,100
2019-11-12 13:01:38,102
2019-11-12 13:01:43,106
2019-11-12 13:01:48,108
2019-11-12 13:01:53,109
2019-11-12 13:02:08,107
2019-11-12 13:02:13,105
2019-11-12 13:02:23,104
2019-11-12 13:02:28,100
2019-11-12 13:02:33,101
2019-11-12 13:02:38,100
2019-11-12 13:02:48,97
2019-11-12 13:03:03,97
2019-11-12 13:03:13,98
2019-11-12 13:03:18,102
2019-11-12 13:03:23,101
2019-11-12 13:03:28,102
2019-11-12 13:03:33,107
2019-11-12 13:03:38,108
2019-11-12 13:03:43,106
2019-11-12 13:03:48,104
2019-11-12 13:03:53,102
2019-11-12 13:03:58,98
2019-11-12 13:04:03,97
2019-11-12 13:04:08,98
2019-11-12 13:04:13,99
2019-11-12 13:04:18,102
2019-11-12 13:04:28,101
2019-11-12 13:04:33,100
2019-11-12 13:04:38,101
2019-11-12 13:04:53,101
2019-11-12 13:04:58,100
2019-11-12 13:05:03,98
2019-11-12 13:05:08,97
2019-11-12 13:05:13,99
2019-11-12 13:05:23,100
2019-11-12 13:05:28,99
2019-11-12 13:05:33,98
2019-11-12 13:05:38,99
2019-11-12 13:05:43,101
2019-11-12 13:05:53,100
2019-11-12 13:05:58,102
2019-11-12 13:06:03,101
2019-11-12 13:06:08,109
2019-11-12 13:06:13,114
2019-11-12 13:06:18,111
2019-11-12 13:06:23,113
2019-11-12 13:06:28,118
2019-11-12 13:06:33,119
2019-11-12 13:06:38,117
2019-11-12 13:06:43,116
2019-11-12 13:06:48,114
2019-11-12 13:07:03,112
2019-11-12 13:07:08,110
2019-11-12 13:07:13,107
2019-11-12 13:07:18,103
2019-11-12 13:07:23,101
2019-11-12 13:07:33,98
2019-11-12 13:07:43,96
2019-11-12 13:07:53,94
2019-11-12 13:07:58,95
2019-11-12 13:08:03,97
2019-11-12 13:08:08,101
2019-11-12 13:08:13,111
2019-11-12 13:08:18,117
2019-11-12 13:08:23,118
2019-11-12 13:08:28,117
2019-11-12 13:08:33,114
2019-11-12 13:08:43,113
2019-11-12 13:08:48,110
2019-11-12 13:08:53,105
2019-11-12 13:08:58,101
2019-11-12 13:09:03,98
2019-11-12 13:09:08,97
2019-11-12 13:09:13,101
2019-11-12 13:09:18,110
2019-11-12 13:09:23,118
2019-11-12 13:09:28,121
2019-11-12 13:09:33,122
2019-11-12 13:09:38,123
2019-11-12 13:09:43,124
2019-11-12 13:09:48,126
2019-11-12 13:09:53,127
2019-11-12 13:09:58,126
2019-11-12 13:10:13,125
2019-11-12 13:10:18,123
2019-11-12 13:10:23,122
2019-11-12 13:10:28,121
2019-11-12 13:10:38,123
2019-11-12 13:10:43,125
2019-11-12 13:10:48,127
2019-11-12 13:10:53,128
2019-11-12 13:10:58,129
2019-11-12 13:11:03,130
2019-11-12 13:11:08,131
2019-11-12 13:11:18,133
2019-11-12 13:11:23,135
2019-11-12 13:11:38,133
2019-11-12 13:11:43,132
2019-11-12 13:11:48,133
2019-11-12 13:12:03,132
2019-11-12 13:12:08,130
2019-11-12 13:12:18,129
2019-11-12 13:12:28,128
2019-11-12 13:12:38,130
2019-11-12 13:12:43,132
2019-11-12 13:12:48,133
2019-11-12 13:12:53,134
2019-11-12 13:12:58,135
2019-11-12 13:13:03,136
2019-11-12 13:13:08,138
2019-11-12 13:13:13,139
2019-11-12 13:13:18,139
2019-11-12 13:13:23,140
2019-11-12 13:13:28,138
2019-11-12 13:13:33,135
2019-11-12 13:13:38,133
2019-11-12 13:13:43,131
2019-11-12 13:13:48,130
2019-11-12 13:13:53,129
2019-11-12 13:14:03,128
2019-11-12 13:14:18,129
2019-11-12 13:14:23,131
2019-11-12 13:14:28,134
2019-11-12 13:14:33,138
2019-11-12 13:14:38,141
2019-11-12 13:14:43,140
2019-11-12 13:14:48,139
2019-11-12 13:14:53,136
2019-11-12 13:14:58,134
2019-11-12 13:15:08,136
2019-11-12 13:15:18,137
2019-11-12 13:15:23,134
2019-11-12 13:15:28,133
2019-11-12 13:15:38,135
2019-11-12 13:15:43,139
2019-11-12 13:15:48,136
2019-11-12 13:15:53,135
2019-11-12 13:16:08,135
2019-11-12 13:16:13,139
2019-11-12 13:16:18,138
2019-11-12 13:16:23,136
2019-11-12 13:16:28,135
2019-11-12 13:16:33,134
2019-11-12 13:16:43,133
2019-11-12 13:16:49,132
2019-11-12 13:16:54,129
2019-11-12 13:16:59,123
2019-11-12 13:17:04,121
2019-11-12 13:17:09,129
2019-11-12 13:17:14,133
2019-11-12 13:17:19,133
2019-11-12 13:17:24,132
2019-11-12 13:17:29,128
2019-11-12 13:17:44,130
2019-11-12 13:17:49,131
2019-11-12 13:18:04,131
2019-11-12 13:18:14,133
2019-11-12 13:18:19,135
2019-11-12 13:18:24,136
2019-11-12 13:18:29,138
2019-11-12 13:18:34,140
2019-11-12 13:18:39,139
2019-11-12 13:18:44,138
2019-11-12 13:18:49,137
2019-11-12 13:18:54,133
2019-11-12 13:18:59,134
2019-11-12 13:19:04,136
2019-11-12 13:19:09,135
2019-11-12 13:19:14,132
2019-11-12 13:19:19,129
2019-11-12 13:19:24,128
2019-11-12 13:19:39,128
2019-11-12 13:19:44,130
2019-11-12 13:19:49,134
2019-11-12 13:19:54,138
2019-11-12 13:19:59,139
2019-11-12 13:20:14,136
2019-11-12 13:20:19,133
2019-11-12 13:20:24,131
2019-11-12 13:20:29,130
2019-11-12 13:20:44,134
2019-11-12 13:20:49,136
2019-11-12 13:20:54,135
2019-11-12 13:20:59,136
2019-11-12 13:21:04,135
2019-11-12 13:21:09,133
2019-11-12 13:21:14,132
2019-11-12 13:21:19,130
2019-11-12 13:21:24,129
2019-11-12 13:21:29,126
2019-11-12 13:21:34,121
2019-11-12 13:21:39,118
2019-11-12 13:21:44,115
2019-11-12 13:21:49,114
2019-11-12 13:21:59,113
2019-11-12 13:22:04,114
2019-11-12 13:22:09,116
2019-11-12 13:22:14,118
2019-11-12 13:22:24,123
2019-11-12 13:22:29,131
2019-11-12 13:22:34,138
2019-11-12 13:22:39,140
2019-11-12 13:22:54,141
2019-11-12 13:22:59,143
2019-11-12 13:23:04,145
2019-11-12 13:23:09,146
2019-11-12 13:23:19,142
2019-11-12 13:23:24,138
2019-11-12 13:23:29,137
2019-11-12 13:23:34,139
2019-11-12 13:23:39,141
2019-11-12 13:23:44,143
2019-11-12 13:23:49,147
2019-11-12 13:23:54,148
2019-11-12 13:24:09,146
2019-11-12 13:24:24,146
2019-11-12 13:24:34,145
2019-11-12 13:24:39,141
2019-11-12 13:24:44,140
2019-11-12 13:24:49,141
2019-11-12 13:24:59,140
2019-11-12 13:25:04,138
2019-11-12 13:25:09,137
2019-11-12 13:25:14,137
2019-11-12 13:25:19,138
2019-11-12 13:25:24,137
2019-11-12 13:25:34,138
2019-11-12 13:25:44,137
2019-11-12 13:25:49,135
2019-11-12 13:25:54,133
2019-11-12 13:26:09,133
2019-11-12 13:26:19,142
2019-11-12 13:26:24,154
2019-11-12 13:26:29,158
2019-11-12 13:26:34,161
2019-11-12 13:26:49,163
2019-11-12 13:26:54,164
2019-11-12 13:26:59,165
2019-11-12 13:27:09,166
2019-11-12 13:27:14,175
2019-11-12 13:27:19,179
2019-11-12 13:27:29,182
2019-11-12 13:27:34,183
2019-11-12 13:27:39,182
2019-11-12 13:27:44,181
2019-11-12 13:27:54,172
2019-11-12 13:27:59,174
2019-11-12 13:28:04,176
2019-11-12 13:28:14,181
2019-11-12 13:28:19,180
2019-11-12 13:28:34,179
2019-11-12 13:28:39,175
2019-11-12 13:28:44,176
2019-11-12 13:28:54,179
2019-11-12 13:28:59,176
2019-11-12 13:29:04,181
2019-11-12 13:29:14,179
2019-11-12 13:29:19,172
2019-11-12 13:29:24,185
2019-11-12 13:29:34,182
2019-11-12 13:29:39,185
2019-11-12 13:29:49,187
2019-11-12 13:29:54,185
2019-11-12 13:29:59,182
2019-11-12 13:30:04,185
2019-11-12 13:30:14,183
2019-11-12 13:30:19,184
2019-11-12 13:30:24,186
2019-11-12 13:30:29,185
2019-11-12 13:30:34,177
2019-11-12 13:30:39,173
2019-11-12 13:30:44,178
2019-11-12 13:30:49,175
2019-11-12 13:30:59,178
2019-11-12 13:31:04,176
2019-11-12 13:31:14,182
2019-11-12 13:31:19,184
2019-11-12 13:31:24,180
2019-11-12 13:31:29,177
2019-11-12 13:31:34,173
2019-11-12 13:31:39,170
2019-11-12 13:31:44,169
2019-11-12 13:31:49,167
2019-11-12 13:31:54,164
2019-11-12 13:31:59,162
2019-11-12 13:32:04,161
2019-11-12 13:32:09,159
2019-11-12 13:32:14,158
2019-11-12 13:32:19,157
2019-11-12 13:32:24,155
2019-11-12 13:32:29,158
2019-11-12 13:32:34,148
2019-11-12 13:32:39,141
2019-11-12 13:32:44,137
2019-11-12 13:32:49,135
2019-11-12 13:32:54,137
2019-11-12 13:32:59,140
2019-11-12 13:33:05,142
2019-11-12 13:33:15,140
2019-11-13 15:45:53,79
2019-11-13 15:45:58,78
2019-11-13 15:46:13,77
2019-11-13 15:46:18,76
2019-11-13 15:46:23,76
2019-11-13 15:46:28,75
2019-11-13 15:46:38,76
2019-11-13 15:46:43,77
2019-11-13 15:46:58,76
2019-11-13 15:47:03,76
2019-11-13 15:47:13,77
2019-11-13 15:47:18,78
2019-11-13 15:47:28,79
2019-11-13 15:47:33,77
2019-11-13 15:47:38,75
2019-11-13 15:47:53,76
2019-11-13 15:48:08,78
2019-11-13 15:48:13,80
2019-11-13 15:48:18,83
2019-11-13 15:48:23,85
2019-11-13 15:48:28,84
2019-11-13 15:48:43,83
2019-11-13 15:48:53,93
2019-11-13 15:48:58,96
2019-11-13 15:49:03,95
2019-11-13 15:49:08,99
2019-11-13 15:49:13,103
2019-11-13 15:49:18,102
2019-11-13 15:49:23,100
2019-11-13 15:49:28,98
2019-11-13 15:49:33,95
2019-11-13 15:49:38,94
2019-11-13 15:49:43,96
2019-11-13 15:49:48,97
2019-11-13 15:49:53,97
2019-11-13 15:49:58,99
2019-11-13 15:50:03,101
2019-11-13 15:50:08,101
2019-11-13 15:50:13,100
2019-11-13 15:50:18,98
2019-11-13 15:50:28,99
2019-11-13 15:50:33,101
2019-11-13 15:50:43,101
2019-11-13 15:50:48,102
2019-11-13 15:50:53,101
2019-11-13 15:50:58,94
2019-11-13 15:51:03,93
2019-11-13 15:51:13,91
2019-11-13 15:51:18,89
2019-11-13 15:51:23,88
2019-11-13 15:51:38,89
2019-11-13 15:51:43,88
2019-11-13 15:51:48,87
2019-11-13 15:51:53,86
2019-11-13 15:51:58,85
2019-11-13 15:52:03,84
2019-11-13 15:52:13,84
2019-11-13 15:52:18,84
2019-11-13 15:52:33,84
2019-11-13 15:52:48,83
2019-11-13 15:52:53,84
2019-11-13 15:52:58,85
2019-11-13 15:53:03,86
2019-11-13 15:53:08,86
2019-11-13 15:53:13,87
2019-11-13 15:53:18,89
2019-11-13 15:53:23,92
2019-11-13 15:53:28,90
2019-11-13 15:53:33,89
2019-11-13 15:53:43,87
2019-11-13 15:53:53,88
2019-11-13 15:53:58,89
2019-11-13 15:54:08,88
2019-11-13 15:54:23,89
2019-11-13 15:54:33,90
2019-11-13 15:54:48,91
2019-11-13 15:54:58,93
2019-11-13 15:55:13,92
2019-11-13 15:55:23,93
2019-11-13 15:55:38,92
2019-11-13 15:55:43,93
2019-11-13 15:55:48,92
2019-11-13 15:55:53,92
2019-11-13 15:55:58,93
2019-11-13 15:56:03,93
2019-11-13 15:56:18,95
2019-11-13 15:56:23,97
2019-11-13 15:56:28,96
2019-11-13 15:56:33,97
2019-11-13 15:56:38,97
2019-11-13 15:56:53,97
2019-11-13 15:57:03,95
2019-11-13 15:57:13,96
2019-11-13 15:57:18,95
2019-11-13 15:57:23,94
2019-11-13 15:57:28,93
2019-11-13 15:57:33,92
2019-11-13 15:57:38,90
2019-11-13 15:57:43,88
2019-11-13 15:57:58,88
2019-11-13 15:58:13,88
2019-11-13 15:59:11,84
2019-11-13 15:59:26,84
2019-11-13 15:59:31,83
2019-11-13 15:59:46,84
2019-11-13 16:00:01,85
2019-11-13 16:00:06,84
2019-11-13 16:00:21,84
2019-11-13 16:00:31,85
2019-11-13 16:00:46,85
2019-11-13 16:00:51,85
2019-11-13 16:01:01,86
2019-11-13 16:01:06,85
2019-11-13 16:01:11,86
2019-11-13 16:01:16,86
2019-11-13 16:01:21,86
2019-11-13 16:01:26,85
2019-11-13 16:01:41,86
2019-11-13 16:01:46,88
2019-11-13 16:02:01,88
2019-11-13 16:02:11,87
2019-11-13 16:02:16,86
2019-11-13 16:02:31,85
2019-11-13 16:02:36,83
2019-11-13 16:02:41,83
2019-11-13 16:02:46,84
2019-11-13 16:02:51,85
2019-11-13 16:03:06,85
2019-11-13 16:03:11,86
2019-11-13 16:03:16,87
2019-11-13 16:03:21,88
2019-11-13 16:03:36,88
2019-11-13 16:03:41,89
2019-11-13 16:05:57,70
2019-11-13 16:06:02,70
2019-11-13 16:06:07,70
2019-11-13 16:06:12,76
2019-11-13 16:06:17,71
2019-11-13 16:06:27,74
2019-11-13 16:06:32,76
2019-11-13 16:06:37,72
2019-11-13 16:17:43,70
2019-11-13 16:17:48,70
2019-11-13 16:28:42,70
2019-11-13 16:28:47,70
2019-11-13 16:29:41,70
2019-11-13 17:27:30,70
2019-11-13 18:22:07,70
2019-11-13 20:50:44,70
2019-11-13 20:50:49,70
2019-11-13 21:45:22,70
2019-11-13 22:39:59,70
2019-12-04 14:05:56,68
2019-12-04 14:06:06,69
2019-12-04 14:06:11,70
2019-12-04 14:06:16,71
2019-12-04 14:06:21,72
2019-12-04 14:06:36,72
2019-12-04 14:06:41,73
2019-12-04 14:06:46,74
2019-12-04 14:06:56,75
2019-12-04 14:07:01,72
2019-12-04 14:07:06,71
2019-12-04 14:07:11,73
2019-12-04 14:07:16,74
2019-12-04 14:07:31,74
2019-12-04 14:07:36,75
2019-12-04 14:07:41,77
2019-12-04 14:07:46,78
2019-12-04 14:07:51,77
2019-12-04 14:08:01,76
2019-12-04 14:08:11,75
2019-12-04 14:08:26,75
2019-12-04 14:08:27,73
2019-12-04 14:08:32,74
2019-12-04 14:08:37,75
2019-12-04 14:08:52,75
2019-12-04 14:09:07,76
2019-12-04 14:09:22,74
2019-12-04 14:09:27,73
2019-12-04 14:09:32,71
2019-12-04 14:09:47,69
2019-12-04 14:09:52,68
2019-12-04 14:10:07,68
2019-12-04 14:10:17,67
2019-12-04 14:10:27,68
2019-12-04 14:10:42,70
2019-12-04 14:10:47,71
2019-12-04 14:10:57,70
2019-12-04 14:11:12,71
2019-12-04 14:11:27,71
2019-12-04 14:11:42,71
2019-12-04 14:11:57,71
2019-12-04 14:12:02,72
2019-12-04 14:12:12,71
2019-12-04 14:12:17,70
2019-12-04 14:12:22,68
2019-12-04 14:12:27,67
2019-12-04 14:12:32,69
2019-12-04 14:12:37,69
2019-12-04 14:12:42,69
2019-12-04 14:12:52,69
2019-12-04 14:12:57,70
2019-12-04 14:13:07,69
2019-12-04 14:13:17,70
2019-12-04 14:13:22,70
2019-12-04 14:13:37,71
2019-12-04 14:13:42,70
2019-12-04 14:13:47,69
2019-12-04 14:14:02,68
2019-12-04 14:14:17,68
2019-12-04 14:14:22,68
2019-12-04 14:14:27,68
2019-12-04 14:14:32,69
2019-12-04 14:14:42,68
2019-12-04 14:14:47,67
2019-12-04 14:15:02,68
2019-12-04 14:15:12,71
2019-12-04 14:15:17,75
2019-12-04 14:15:27,74
2019-12-04 14:15:37,73
2019-12-04 14:15:42,72
2019-12-04 14:15:47,71
2019-12-04 14:16:02,72
2019-12-04 14:16:07,70
2019-12-04 14:16:12,68
2019-12-04 14:16:22,69
2019-12-04 14:16:27,69
2019-12-04 14:16:32,70
2019-12-04 14:16:47,70
2019-12-04 14:17:02,70
2019-12-04 14:17:07,71
2019-12-04 14:17:12,72
2019-12-04 14:17:17,71
2019-12-04 14:17:27,70
2019-12-04 14:17:32,69
2019-12-04 14:17:42,70
2019-12-04 14:17:57,70
2019-12-04 14:18:12,71
2019-12-04 14:18:17,71
2019-12-04 14:18:32,71
2019-12-04 14:18:47,70
2019-12-04 14:18:52,69
2019-12-04 14:19:02,69
2019-12-04 14:19:07,69
2019-12-04 14:19:17,71
2019-12-04 14:19:32,71
2019-12-04 14:19:42,70
2019-12-04 14:19:57,70
2019-12-04 14:20:07,69
2019-12-04 14:20:17,67
2019-12-04 14:20:32,68
2019-12-04 14:20:42,67
2019-12-04 14:20:47,65
2019-12-04 14:20:52,64
2019-12-04 14:21:07,64
2019-12-04 14:21:12,65
2019-12-04 14:21:22,75
2019-12-04 14:21:27,77
2019-12-04 14:21:42,77
2019-12-04 14:21:47,78
2019-12-04 14:21:52,81
2019-12-04 14:21:57,80
2019-12-04 14:22:02,73
2019-12-04 14:22:07,71
2019-12-04 14:22:12,70
2019-12-04 14:22:27,72
2019-12-04 14:22:32,73
2019-12-04 14:22:37,71
2019-12-04 14:22:42,70
2019-12-04 14:22:47,69
2019-12-04 14:22:57,71
2019-12-04 14:23:02,70
2019-12-04 14:23:17,70
2019-12-04 14:23:27,72
2019-12-04 14:23:32,73
2019-12-04 14:23:37,76
2019-12-04 14:23:42,77
2019-12-04 14:23:47,74
2019-12-04 14:23:53,73
2019-12-04 14:23:58,72
2019-12-04 14:24:08,71
2019-12-04 14:24:13,70
2019-12-04 14:24:18,70
2019-12-04 14:24:28,71
2019-12-04 14:24:33,70
2019-12-04 14:24:48,71
2019-12-04 14:25:03,72
2019-12-04 14:35:16,70
2019-11-05 13:54:02,70
2019-11-05 13:54:42,70
2019-11-05 13:58:39,70
2019-11-05 13:58:54,70
2019-11-05 13:58:59,70
2019-11-05 13:59:04,72
2019-11-05 13:59:09,81
2019-11-05 13:59:14,82
2019-11-05 13:59:24,81
2019-11-05 13:59:39,81
2019-11-05 13:59:44,84
2019-11-05 13:59:49,83
2019-11-05 14:00:04,83
2019-11-05 14:00:09,83
2019-11-05 14:00:14,85
2019-11-05 14:00:19,87
2019-11-05 14:00:29,89
2019-11-05 14:00:34,91
2019-11-05 14:00:39,92
2019-11-05 14:00:44,92
2019-11-05 14:00:54,90
2019-11-05 14:00:59,86
2019-11-05 14:01:04,85
2019-11-05 14:01:09,84
2019-11-05 14:01:19,84
2019-11-05 14:01:34,84
2019-11-05 14:01:40,82
2019-11-05 14:01:45,88
2019-11-05 14:01:50,92
2019-11-05 14:02:00,90
2019-11-05 14:02:05,89
2019-11-05 14:02:10,87
2019-11-05 14:02:15,84
2019-11-05 14:02:20,82
2019-11-05 14:02:25,84
2019-11-05 14:02:30,85
2019-11-05 14:02:35,83
2019-11-05 14:02:40,82
2019-11-05 14:02:45,78
2019-11-05 14:02:50,77
2019-11-05 14:02:55,78
2019-11-05 14:03:00,81
2019-11-05 14:03:05,83
2019-11-05 14:03:10,85
2019-11-05 14:03:15,84
2019-11-05 14:03:20,82
2019-11-05 14:03:25,79
2019-11-05 14:03:30,75
2019-11-05 14:03:35,71
2019-11-05 14:03:45,70
2019-11-05 14:03:50,71
2019-11-05 14:03:55,72
2019-11-05 14:04:10,72
2019-11-05 14:04:15,73
2019-11-05 14:04:25,77
2019-11-05 14:04:30,79
2019-11-05 14:04:35,84
2019-11-05 14:04:40,103
2019-11-05 14:04:45,106
2019-11-05 14:04:50,110
2019-11-05 14:04:55,114
2019-11-05 14:05:10,115
2019-11-05 14:05:15,114
2019-11-05 14:05:20,111
2019-11-05 14:05:25,113
2019-11-05 14:05:30,114
2019-11-05 14:05:35,115
2019-11-05 14:05:40,113
2019-11-05 14:05:45,112
2019-11-05 14:05:50,107
2019-11-05 14:05:55,108
2019-11-05 14:06:00,105
2019-11-05 14:06:05,104
2019-11-05 14:06:20,105
2019-11-05 14:06:30,108
2019-11-05 14:06:35,109
2019-11-05 14:06:40,111
2019-11-05 14:06:45,111
2019-11-05 14:06:50,112
2019-11-05 14:07:05,112
2019-11-05 14:07:10,113
2019-11-05 14:07:15,117
2019-11-05 14:07:20,120
2019-11-05 14:07:25,122
2019-11-05 14:07:30,120
2019-11-05 14:07:35,119
2019-11-05 14:07:40,122
2019-11-05 14:07:45,123
2019-11-05 14:08:00,122
2019-11-05 14:08:05,120
2019-11-05 14:08:15,122
2019-11-05 14:08:20,128
2019-11-05 14:08:25,129
2019-11-05 14:08:40,130
2019-11-05 14:08:45,132
2019-11-05 14:08:55,132
2019-11-05 14:09:00,131
2019-11-05 14:09:05,127
2019-11-05 14:09:10,126
2019-11-05 14:09:15,122
2019-11-05 14:09:20,123
2019-11-05 14:09:30,122
2019-11-05 14:09:35,121
2019-11-05 14:09:40,123
2019-11-05 14:09:45,123
2019-11-05 14:09:55,125
2019-11-05 14:10:00,130
2019-11-05 14:10:05,140
2019-11-05 14:10:10,146
2019-11-05 14:10:15,145
2019-11-05 14:10:20,142
2019-11-05 14:10:25,151
2019-11-05 14:10:30,152
2019-11-05 14:10:35,159
2019-11-05 14:10:45,173
2019-11-05 14:10:50,169
2019-11-05 14:10:55,170
2019-11-05 14:11:05,171
2019-11-05 14:11:10,172
2019-11-05 14:11:25,173
2019-11-05 14:11:35,172
2019-11-05 14:11:40,174
2019-11-05 14:11:45,173
2019-11-05 14:11:50,169
2019-11-05 14:12:00,167
2019-11-05 14:12:05,165
2019-11-05 14:12:10,163
2019-11-05 14:12:15,162
2019-11-05 14:12:20,162
2019-11-05 14:12:25,161
2019-11-05 14:12:30,159
2019-11-05 14:12:35,157
2019-11-05 14:12:40,156
2019-11-05 14:12:45,152
2019-11-05 14:12:50,150
2019-11-05 14:12:55,146
2019-11-05 14:13:00,145
2019-11-05 14:13:05,146
2019-11-05 14:13:10,145
2019-11-05 14:13:15,148
2019-11-05 14:13:20,152
2019-11-05 14:13:25,146
2019-11-05 14:13:30,151
2019-11-05 14:13:35,154
2019-11-05 14:13:40,147
2019-11-05 14:13:45,146
2019-11-05 14:13:50,130
2019-11-05 14:13:55,121
2019-11-05 14:14:00,113
2019-11-05 14:14:05,112
2019-11-05 14:14:10,123
2019-11-05 14:14:15,154
2019-11-05 14:14:20,153
2019-11-05 14:14:30,152
2019-11-05 14:14:35,149
2019-11-05 14:14:40,148
2019-11-05 14:14:55,148
2019-11-05 14:15:00,148
2019-11-05 14:15:15,150
2019-11-05 14:15:20,153
2019-11-05 14:15:25,154
2019-11-05 14:15:30,155
2019-11-05 14:15:40,146
2019-11-05 14:15:45,136
2019-11-05 14:15:50,134
2019-11-05 14:15:55,133
2019-11-05 14:16:05,138
2019-11-05 14:16:10,142
2019-11-05 14:16:15,144
2019-11-05 14:16:20,145
2019-11-05 14:16:30,130
2019-11-05 14:16:35,127
2019-11-05 14:16:45,128
2019-11-05 14:16:55,129
2019-11-05 14:17:00,130
2019-11-05 14:17:06,133
2019-11-05 14:17:16,136
2019-11-05 14:17:21,137
2019-11-05 14:17:26,140
2019-11-05 14:17:31,141
2019-11-05 14:17:41,143
2019-11-05 14:17:46,144
2019-11-05 14:17:51,145
2019-11-05 14:17:56,146
2019-11-05 14:18:11,143
2019-11-05 14:18:21,144
2019-11-05 14:18:26,144
2019-11-05 14:18:31,142
2019-11-05 14:18:36,140
2019-11-05 14:18:41,138
2019-11-05 14:18:46,140
2019-11-05 14:18:51,141
2019-11-05 14:18:56,139
2019-11-05 14:19:06,137
2019-11-05 14:19:11,136
2019-11-05 14:19:16,135
2019-11-05 14:19:21,134
2019-11-05 14:19:26,132
2019-11-05 14:19:31,129
2019-11-05 14:19:36,134
2019-11-05 14:19:41,142
2019-11-05 14:19:46,145
2019-11-05 14:19:51,151
2019-11-05 14:19:56,152
2019-11-05 14:20:01,150
2019-11-05 14:20:06,149
2019-11-05 14:20:16,153
2019-11-05 14:20:26,156
2019-11-05 14:20:31,154
2019-11-05 14:20:36,139
2019-11-05 14:20:41,132
2019-11-05 14:20:46,128
2019-11-05 14:20:51,126
2019-11-05 14:20:56,127
2019-11-05 14:21:01,132
2019-11-05 14:21:06,133
2019-11-05 14:21:11,138
2019-11-05 14:21:16,136
2019-11-05 14:21:21,135
2019-11-05 14:21:26,134
2019-11-05 14:21:36,136
2019-11-05 14:21:41,141
2019-11-05 14:21:46,146
2019-11-05 14:21:51,147
2019-11-05 14:22:01,146
2019-11-05 14:22:11,150
2019-11-05 14:22:16,149
2019-11-05 14:22:21,145
2019-11-05 14:22:26,141
2019-11-05 14:22:31,137
2019-11-05 14:22:36,139
2019-11-05 14:22:41,138
2019-11-05 14:22:46,135
2019-11-05 14:22:56,138
2019-11-05 14:23:01,137
2019-11-05 14:23:06,135
2019-11-05 14:23:11,133
2019-11-05 14:23:16,133
2019-11-05 14:23:31,133
2019-11-05 14:23:36,133
2019-11-05 14:23:51,133
2019-11-05 14:24:06,132
2019-11-05 14:24:11,131
2019-11-05 14:24:16,133
2019-11-05 14:24:21,135
2019-11-05 14:24:26,134
2019-11-05 14:24:31,132
2019-11-05 14:24:36,131
2019-11-05 14:24:51,131
2019-11-05 14:25:01,133
2019-11-05 14:25:06,139
2019-11-05 14:25:11,136
2019-11-05 14:25:16,142
2019-11-05 14:25:21,144
2019-11-05 14:25:26,143
2019-11-05 14:25:31,141
2019-11-05 14:25:36,137
2019-11-05 14:25:46,136
2019-11-05 14:25:51,137
2019-11-05 14:26:01,138
2019-11-05 14:26:06,136
2019-11-05 14:26:11,140
2019-11-05 14:26:16,145
2019-11-05 14:26:21,146
2019-11-05 14:26:31,149
2019-11-05 14:26:36,154
2019-11-05 14:26:41,160
2019-11-05 14:26:46,166
2019-11-05 14:26:51,163
2019-11-05 14:26:56,161
2019-11-05 14:27:01,160
2019-11-05 14:27:06,163
2019-11-05 14:27:11,172
2019-11-05 14:27:16,177
2019-11-05 14:27:21,175
2019-11-05 14:27:26,171
2019-11-05 14:27:36,166
2019-11-05 14:27:41,167
2019-11-05 14:27:46,177
2019-11-05 14:27:51,183
2019-11-05 14:27:56,184
2019-11-05 14:28:06,182
2019-11-05 14:28:21,184
2019-11-05 14:28:36,184
2019-11-05 14:28:51,184
2019-11-05 14:28:56,183
2019-11-05 14:29:01,183
2019-11-05 14:29:11,182
2019-11-05 14:29:16,180
2019-11-05 14:29:21,177
2019-11-05 14:29:26,173
2019-11-05 14:29:31,169
2019-11-05 14:29:36,166
2019-11-05 14:29:41,163
2019-11-05 14:29:46,162
2019-11-05 14:29:51,161
2019-11-05 14:29:56,159
2019-11-05 14:30:01,155
2019-11-05 14:30:06,151
2019-11-05 14:30:11,150
2019-11-05 14:30:16,147
2019-11-05 14:30:31,150
2019-11-05 14:30:36,146
2019-11-05 14:30:41,128
2019-11-05 14:30:46,122
2019-11-05 14:30:51,121
2019-11-05 14:30:56,123
2019-11-05 14:31:01,126
2019-11-05 14:31:06,128
2019-11-05 14:31:11,130
2019-11-05 14:31:16,131
2019-11-05 14:31:21,133
2019-11-05 14:31:26,134
2019-11-05 14:31:31,133
2019-11-05 14:31:36,134
2019-11-05 14:31:41,137
2019-11-05 14:31:46,140
2019-11-13 14:14:56,81
2019-11-13 14:15:01,75
2019-11-13 14:15:06,74
2019-11-13 14:15:21,74
2019-11-13 14:15:26,77
2019-11-13 14:15:31,76
2019-11-13 14:15:36,77
2019-11-13 14:15:41,76
2019-11-13 14:15:56,76
2019-11-13 14:16:01,84
2019-11-13 14:16:06,84
2019-11-13 14:16:12,80
2019-11-13 14:16:17,79
2019-11-13 14:16:22,79
2019-11-13 14:16:27,79
2019-11-13 14:16:42,80
2019-11-13 14:16:47,79
2019-11-13 14:16:52,78
2019-11-13 14:16:57,76
2019-11-13 14:17:02,77
2019-11-13 14:17:17,77
2019-11-13 14:17:27,82
2019-11-13 14:17:32,78
2019-11-13 14:17:37,74
2019-11-13 14:17:47,72
2019-11-13 14:17:52,72
2019-11-13 14:17:57,71
2019-11-13 14:18:07,68
2019-11-13 14:18:17,73
2019-11-13 14:18:22,77
2019-11-13 14:18:27,78
2019-11-13 14:18:37,82
2019-11-13 14:18:52,82
2019-11-13 14:18:57,77
2019-11-13 14:19:12,77
2019-11-13 14:19:17,84
2019-11-13 14:19:32,84
2019-11-13 14:19:47,83
2019-11-13 14:20:02,82
2019-11-13 14:20:12,81
2019-11-13 14:20:17,79
2019-11-13 14:20:22,78
2019-11-13 14:20:37,78
2019-11-13 14:20:52,77
2019-11-13 14:20:57,79
2019-11-13 14:21:02,77
2019-11-13 14:21:07,76
2019-11-13 14:21:12,77
2019-11-13 14:21:17,75
2019-11-13 14:21:22,76
2019-11-13 14:21:27,80
2019-11-13 14:21:32,76
2019-11-13 14:21:37,73
2019-11-13 14:21:47,72
2019-11-13 14:21:52,74
2019-11-13 14:22:02,75
2019-11-13 14:22:07,77
2019-11-13 14:22:12,76
2019-11-13 14:22:17,78
2019-11-13 14:22:22,76
2019-11-13 14:22:27,75
2019-11-13 14:22:32,75
2019-11-13 14:22:37,73
2019-11-13 14:22:42,74
2019-11-13 14:22:47,73
2019-11-13 14:22:52,74
2019-11-13 14:23:07,74
2019-11-13 14:23:17,73
2019-11-13 14:23:32,72
2019-11-13 14:23:37,71
2019-11-13 14:23:42,70
2019-11-13 14:23:47,69
2019-11-13 14:24:02,69
2019-11-13 14:24:07,70
2019-11-13 14:24:12,74
2019-11-13 14:24:17,75
2019-11-13 14:24:32,75
2019-11-13 14:24:42,76
2019-11-13 14:24:47,82
2019-11-13 14:24:52,88
2019-11-13 14:25:02,85
2019-11-13 14:25:07,82
2019-11-13 14:25:12,76
2019-11-13 14:25:17,72
2019-11-13 14:25:22,70
2019-11-13 14:25:27,73
2019-11-13 14:25:32,75
2019-11-13 14:25:37,77
2019-11-13 14:25:52,78
2019-11-13 14:25:57,77
2019-11-13 14:26:07,78
2019-11-13 14:26:17,75
2019-11-13 14:26:22,73
2019-11-13 14:26:27,73
2019-11-13 14:26:32,74
2019-11-13 14:26:37,73
2019-11-13 14:26:42,73
2019-11-13 14:26:52,75
2019-11-13 14:26:57,77
2019-11-13 14:27:02,78
2019-11-13 14:27:07,76
2019-11-13 14:27:12,74
2019-11-13 14:27:17,73
2019-11-13 14:27:27,72
2019-11-13 14:27:37,71
2019-11-13 14:27:47,74
2019-11-13 14:27:52,78
2019-11-13 14:27:57,75
2019-11-13 14:28:02,76
2019-11-13 14:28:07,76
2019-11-13 14:28:12,75
2019-11-13 14:28:27,77
2019-11-13 14:28:32,75
2019-11-13 14:28:37,74
2019-11-13 14:28:42,73
2019-11-13 14:28:52,74
2019-11-13 14:28:57,74
2019-11-13 14:29:07,75
2019-11-13 14:29:12,76
2019-11-13 14:29:27,76
2019-11-13 14:29:56,76
2019-11-13 14:33:25,70
2019-11-13 14:33:30,70
2019-11-13 14:33:40,70
2019-11-13 14:33:50,70
2019-11-13 14:34:12,70
2019-11-13 14:35:05,70
2019-11-13 14:35:44,70
2019-11-13 14:35:49,70
2019-11-13 14:39:04,70
2019-11-13 14:39:24,70
2019-11-13 14:40:47,70
2019-11-13 14:41:21,70
2019-11-13 14:42:05,70
2019-11-13 14:42:20,70
2019-11-13 14:42:25,77
2019-11-13 14:42:30,114
2019-11-13 14:42:45,114
2019-11-13 14:42:55,113
2019-11-13 14:43:05,116
2019-11-13 14:43:15,112
2019-11-13 14:43:20,113
2019-11-13 14:43:25,113
2019-11-13 14:43:35,113
2019-11-13 14:43:40,115
2019-11-13 14:43:45,114
2019-11-13 14:43:50,115
2019-11-13 14:43:55,117
2019-11-13 14:44:00,118
2019-11-13 14:44:05,120
2019-11-13 14:44:10,118
2019-11-13 14:44:20,117
2019-11-13 14:44:25,119
2019-11-13 14:44:30,120
2019-11-13 14:44:40,121
2019-11-13 14:44:45,124
2019-11-13 14:44:50,127
2019-11-13 14:44:55,126
2019-11-13 14:45:00,122
2019-11-13 14:45:10,123
2019-11-13 14:45:15,122
2019-11-13 14:45:20,120
2019-11-13 14:45:25,118
2019-11-19 13:02:41,97
2019-11-19 13:02:46,99
2019-11-19 13:02:51,103
2019-11-19 13:02:56,105
2019-11-19 13:03:01,107
2019-11-19 13:03:06,111
2019-11-19 13:03:11,114
2019-11-19 13:03:16,115
2019-11-19 13:03:21,113
2019-11-19 13:03:29,117
2019-11-19 13:03:34,116
2019-11-19 13:03:39,118
2019-11-19 13:03:44,126
2019-11-19 13:03:49,124
2019-11-19 13:03:54,120
2019-11-19 13:03:59,114
2019-11-19 13:04:04,109
2019-11-19 13:04:09,107
2019-11-19 13:04:14,109
2019-11-19 13:04:19,111
2019-11-19 13:04:24,110
2019-11-19 13:04:29,109
2019-11-19 13:04:39,110
2019-11-19 13:04:49,110
2019-11-19 13:04:54,109
2019-11-19 13:04:59,107
2019-11-19 13:05:04,106
2019-11-19 13:05:09,103
2019-11-19 13:05:14,96
2019-11-19 13:05:19,90
2019-11-19 13:05:24,92
2019-11-19 13:05:29,105
2019-11-19 13:05:34,111
2019-11-19 13:05:44,115
2019-11-19 13:05:50,117
2019-11-19 13:05:55,115
2019-11-19 13:06:00,113
2019-11-19 13:06:10,116
2019-11-19 13:06:20,115
2019-11-19 13:06:25,113
2019-11-19 13:06:30,113
2019-11-19 13:06:35,114
2019-11-19 13:06:40,113
2019-11-19 13:06:50,114
2019-11-19 13:06:55,114
2019-11-19 13:07:00,113
2019-11-19 13:07:10,114
2019-11-19 13:07:15,109
2019-11-19 13:07:20,110
2019-11-19 13:07:25,111
2019-11-19 13:07:30,110
2019-11-19 13:07:35,112
2019-11-19 13:07:40,114
2019-11-19 13:07:50,116
2019-11-19 13:07:55,118
2019-11-19 13:08:00,117
2019-11-19 13:08:05,116
2019-11-19 13:08:10,115
2019-11-19 13:08:15,113
2019-11-19 13:08:30,113
2019-11-19 13:08:45,111
2019-11-19 13:08:50,110
2019-11-19 13:08:55,112
2019-11-19 13:09:00,115
2019-11-19 13:09:05,114
2019-11-19 13:09:10,111
2019-11-19 13:09:15,110
2019-11-19 13:09:20,107
2019-11-19 13:09:25,108
2019-11-19 13:09:30,109
2019-11-19 13:09:35,110
2019-11-19 13:09:40,109
2019-11-19 13:09:45,107
2019-11-19 13:09:50,106
2019-11-19 13:09:55,107
2019-11-19 13:10:00,105
2019-11-19 13:10:05,104
2019-11-19 13:10:10,107
2019-11-19 13:10:15,109
2019-11-19 13:10:20,108
2019-11-19 13:10:25,106
2019-11-19 13:10:30,104
2019-11-19 13:10:35,102
2019-11-19 13:10:40,100
2019-11-19 13:10:45,98
2019-11-19 13:10:50,93
2019-11-19 13:10:55,90
2019-11-19 13:11:05,88
2019-11-19 13:11:10,87
2019-11-19 13:11:15,88
2019-11-19 13:11:20,86
2019-11-19 13:11:25,84
2019-11-19 13:11:30,82
2019-11-19 13:11:35,79
2019-11-19 13:11:40,78
2019-11-19 13:11:45,77
2019-11-19 13:11:50,80
2019-11-19 13:11:55,87
2019-11-19 13:12:00,88
2019-11-19 13:12:10,87
2019-11-19 13:12:15,88
2019-11-19 13:12:20,89
2019-11-19 13:12:35,89
2019-11-19 13:12:40,91
2019-11-19 13:12:45,86
2019-11-19 13:12:50,82
2019-11-19 13:13:00,81
2019-11-19 13:13:05,79
2019-11-19 13:13:20,82
2019-11-19 13:13:25,83
2019-11-19 13:13:40,84
2019-11-19 13:13:50,83
2019-11-19 13:14:00,82
2019-11-19 13:14:05,85
2019-11-19 13:14:10,91
2019-11-19 13:14:15,93
2019-11-19 13:14:30,93
2019-11-19 13:14:35,94
2019-11-19 13:14:40,95
2019-11-19 13:14:45,103
2019-11-19 13:14:50,106
2019-11-19 13:15:05,105
2019-11-19 13:15:10,104
2019-11-19 13:15:15,102
2019-11-19 13:15:25,100
2019-11-19 13:15:30,103
2019-11-19 13:15:35,103
2019-11-19 13:15:40,105
2019-11-19 13:15:45,109
2019-11-19 13:15:50,108
2019-11-19 13:15:55,98
2019-11-19 13:16:00,94
2019-11-19 13:16:10,93
2019-11-19 13:16:25,94
2019-11-19 13:16:35,93
2019-11-19 13:16:45,91
2019-11-19 13:16:50,91
2019-11-19 13:16:55,92
2019-11-19 13:17:00,93
2019-11-19 13:17:05,94
2019-11-19 13:17:11,94
2019-11-19 13:17:16,96
2019-11-19 13:17:21,97
2019-11-19 13:17:31,98
2019-11-19 13:17:36,97
2019-11-19 13:17:41,96
2019-11-19 13:17:46,90
2019-11-19 13:17:56,89
2019-11-19 13:18:11,89
2019-11-19 13:18:16,90
2019-11-19 13:18:31,88
2019-11-19 13:18:36,86
2019-11-19 13:18:41,85
2019-11-19 13:18:46,83
2019-11-19 13:18:51,82
2019-11-19 13:18:56,83
2019-11-19 13:19:01,84
2019-11-19 13:19:06,86
2019-11-19 13:19:21,87
2019-11-19 13:19:31,88
2019-11-19 13:19:36,88
2019-11-19 13:19:41,92
2019-11-19 13:19:46,94
2019-11-19 13:19:56,95
2019-11-19 13:20:01,96
2019-11-19 13:20:11,101
2019-11-19 13:20:16,104
2019-11-19 13:20:21,106
2019-11-19 13:20:26,104
2019-11-19 13:20:31,103
2019-11-19 13:20:36,102
2019-11-19 13:20:41,106
2019-11-19 13:20:51,105
2019-11-19 13:20:56,104
2019-11-19 13:21:01,103
2019-11-19 13:21:06,98
2019-11-19 13:21:11,96
2019-11-19 13:21:16,97
2019-11-19 13:21:21,98
2019-11-19 13:21:36,99
2019-11-19 13:21:41,100
2019-11-19 13:21:46,101
2019-11-19 13:21:56,100
2019-11-19 13:22:06,101
2019-11-19 13:22:11,100
2019-11-19 13:22:16,101
2019-11-19 13:22:21,98
2019-11-19 13:22:26,95
2019-11-19 13:22:31,93
2019-11-19 13:22:36,91
2019-11-19 13:22:41,86
2019-11-19 13:22:46,85
2019-11-19 13:22:51,84
2019-11-19 13:23:01,85
2019-11-19 13:23:06,87
2019-11-19 13:23:16,86
2019-11-19 13:23:21,86
2019-11-19 13:23:31,88
2019-11-19 13:23:36,89
2019-11-19 13:23:41,88
2019-11-19 13:23:46,88
2019-11-19 13:23:51,87
2019-11-19 13:24:06,89
2019-11-19 13:24:11,91
2019-11-19 13:24:16,89
2019-11-19 13:24:21,87
2019-11-19 13:24:26,86
2019-11-19 13:24:31,85
2019-11-19 13:24:46,87
2019-11-19 13:24:51,89
2019-11-19 13:24:56,90
2019-11-19 13:25:06,91
2019-11-19 13:25:16,92
2019-11-19 13:25:21,93
2019-11-19 13:25:26,94
2019-11-19 13:25:31,95
2019-11-19 13:25:36,96
2019-11-19 13:25:51,96
2019-11-19 13:25:56,96
2019-11-19 13:26:01,95
2019-11-19 13:26:11,95
2019-11-19 13:26:17,93
2019-11-19 13:26:22,93
2019-11-19 13:26:27,92
2019-11-19 13:26:32,92
2019-11-19 13:26:37,93
2019-11-19 13:26:42,91
2019-11-19 13:26:47,92
2019-11-19 13:26:52,93
2019-11-19 13:26:57,95
2019-11-19 13:27:12,95
2019-11-19 13:27:17,97
2019-11-19 13:27:22,97
2019-11-19 13:27:27,96
2019-11-19 13:27:32,98
2019-11-19 13:27:47,98
2019-11-19 13:27:57,99
2019-11-19 13:28:07,98
2019-11-19 13:28:12,99
2019-11-19 13:28:22,100
2019-11-19 13:28:37,102
2019-11-19 13:28:42,101
2019-11-19 13:28:52,99
2019-11-19 13:29:02,97
2019-11-19 13:29:07,95
2019-11-19 13:29:17,96
2019-11-19 13:29:22,95
2019-11-19 13:29:32,96
2019-11-19 13:29:37,92
2019-11-19 13:29:42,91
2019-11-19 13:29:57,90
2019-11-19 13:30:07,91
2019-11-19 13:30:12,93
2019-11-19 13:30:17,93
2019-11-19 13:30:22,91
2019-11-19 13:30:32,91
2019-11-19 13:30:37,90
2019-11-19 13:30:42,88
2019-11-19 13:30:47,87
2019-11-19 13:30:57,86
2019-11-19 13:31:02,82
2019-11-19 13:31:07,81
2019-11-19 13:31:17,83
2019-11-19 13:31:22,85
2019-11-19 13:31:27,87
2019-11-19 13:31:32,88
2019-11-19 13:31:42,91
2019-11-19 13:31:47,94
2019-11-19 13:31:52,97
2019-11-19 13:31:57,99
2019-11-19 13:32:02,101
2019-11-19 13:32:12,101
2019-11-19 13:32:27,101
2019-11-19 13:32:32,99
2019-11-19 13:32:42,101
2019-11-19 13:32:49,105
2019-11-19 13:32:54,107
2019-11-19 13:33:04,106
2019-11-19 13:33:09,107
2019-11-19 13:33:14,109
2019-11-19 13:33:19,110
2019-11-19 13:33:34,110
2019-11-19 13:33:39,111
2019-11-19 13:33:54,112
2019-11-19 13:33:59,114
2019-11-19 13:34:04,112
2019-11-19 13:34:09,108
2019-11-19 13:34:14,104
2019-11-19 13:34:19,103
2019-11-19 13:34:29,100
2019-11-19 13:34:39,101
2019-11-19 13:34:44,100
2019-11-19 13:34:54,101
2019-12-04 15:02:31,74
2019-12-04 15:02:36,73
2019-12-04 15:02:41,72
2019-12-04 15:02:46,85
2019-12-04 15:02:51,86
2019-12-04 15:02:56,87
2019-12-04 15:03:01,87
2019-12-04 15:03:06,89
2019-12-04 15:03:16,88
2019-12-04 15:03:26,88
2019-12-04 15:03:31,89
2019-12-04 15:03:36,90
2019-12-04 15:03:41,91
2019-12-04 15:03:46,90
2019-12-04 15:04:01,90
2019-12-04 15:04:06,93
2019-12-04 15:04:11,92
2019-12-04 15:04:26,92
2019-12-04 15:04:32,88
2019-12-04 15:04:37,87
2019-12-04 15:04:42,87
2019-12-04 15:04:52,88
2019-12-04 15:04:57,86
2019-12-04 15:05:02,87
2019-12-04 15:05:07,87
2019-12-04 15:05:17,88
2019-12-04 15:05:27,89
2019-12-04 15:05:32,90
2019-12-04 15:05:37,91
2019-12-04 15:05:52,92
2019-12-04 15:05:57,91
2019-12-04 15:06:02,91
2019-12-04 15:06:12,90
2019-12-04 15:06:22,90
2019-12-04 15:06:27,90
2019-12-04 15:06:37,87
2019-12-04 15:06:42,85
2019-12-04 15:06:47,85
2019-12-04 15:06:57,84
2019-12-04 15:07:02,85
2019-12-04 15:07:17,85
2019-12-04 15:07:32,87
2019-12-04 15:07:42,88
2019-12-04 15:07:52,87
2019-12-04 15:07:57,86
2019-12-04 15:08:02,86
2019-12-04 15:08:07,87
2019-12-04 15:08:12,87
2019-12-04 15:08:22,88
2019-12-04 15:08:27,91
2019-12-04 15:08:32,91
2019-12-04 15:08:37,89
2019-12-04 15:08:42,88
2019-12-04 15:08:52,89
2019-12-04 15:08:57,88
2019-12-04 15:09:02,87
2019-12-04 15:09:07,85
2019-12-04 15:09:12,84
2019-12-04 15:09:17,85
2019-12-04 15:09:32,85
2019-12-04 15:09:42,86
2019-12-04 15:09:47,85
2019-12-04 15:09:57,85
2019-12-04 15:10:07,87
2019-12-04 15:10:12,88
2019-12-04 15:10:17,87
2019-12-04 15:10:22,86
2019-12-04 15:10:27,85
2019-12-04 15:10:32,84
2019-12-04 15:10:37,83
2019-12-04 15:10:47,84
2019-12-04 15:10:52,85
2019-12-04 15:10:57,86
2019-12-04 15:11:07,87
2019-12-04 15:11:12,86
2019-12-04 15:11:22,86
2019-12-04 15:11:32,85
2019-12-04 15:11:37,79
2019-12-04 15:11:42,78
2019-12-04 15:11:47,81
2019-12-04 15:11:52,82
2019-12-04 15:12:02,83
2019-12-04 15:12:07,85
2019-12-04 15:12:12,85
2019-12-04 15:12:22,84
2019-12-04 15:12:27,84
2019-12-04 15:12:32,82
2019-12-04 15:12:37,81
2019-12-04 15:12:42,82
2019-12-04 15:12:47,84
2019-12-04 15:12:52,85
2019-12-04 15:13:02,84
2019-12-04 15:13:12,83
2019-12-04 15:13:17,84
2019-12-04 15:13:27,85
2019-12-04 15:13:37,86
2019-12-04 15:13:42,87
2019-12-04 15:13:52,89
2019-12-04 15:13:57,90
2019-12-04 15:14:02,89
2019-12-04 15:14:07,86
2019-12-04 15:14:12,84
2019-12-04 15:14:17,83
2019-12-04 15:14:22,84
2019-12-04 15:14:27,84
2019-12-04 15:14:32,83
2019-12-04 15:14:37,80
2019-12-04 15:14:42,81
2019-12-04 15:14:47,86
2019-12-04 15:14:52,88
2019-12-04 15:14:57,86
2019-12-04 15:15:02,85
2019-12-04 15:15:07,83
2019-12-04 15:15:12,83
2019-12-04 15:15:17,82
2019-12-04 15:15:27,81
2019-12-04 15:15:32,81
2019-12-04 15:15:47,83
2019-12-04 15:15:52,82
2019-12-04 15:15:57,82
2019-12-04 15:16:02,80
2019-12-04 15:16:07,78
2019-12-04 15:16:17,79
2019-12-04 15:16:22,80
2019-12-04 15:16:27,82
2019-12-04 15:16:32,85
2019-12-04 15:16:37,85
2019-12-04 15:16:42,84
2019-12-04 15:16:47,83
2019-12-04 15:16:52,82
2019-12-04 15:16:57,80
2019-12-04 15:17:02,81
2019-12-04 15:17:07,83
2019-12-04 15:17:12,86
2019-12-04 15:17:17,87
2019-12-04 15:17:32,86
2019-12-04 15:17:37,81
2019-12-04 15:17:42,79
2019-12-04 15:17:52,80
2019-12-04 15:18:02,81
2019-12-04 15:18:07,80
2019-12-04 15:18:12,79
2019-12-04 15:18:17,78
2019-12-04 15:18:22,79
2019-12-04 15:18:27,81
2019-12-04 15:18:32,82
2019-12-04 15:18:37,80
2019-12-04 15:18:42,81
2019-12-04 15:18:47,80
2019-12-04 15:18:52,81
2019-12-04 15:18:57,82
2019-12-04 15:19:02,83
2019-12-04 15:19:07,82
2019-12-04 15:19:13,82
2019-12-04 15:19:23,82
2019-12-04 15:19:28,83
2019-12-04 15:19:33,85
2019-12-04 15:19:38,84
2019-12-04 15:19:48,83
2019-12-04 15:19:53,82
2019-12-04 15:19:58,83
2019-12-04 15:20:08,83
2019-12-04 15:20:18,83
2019-12-04 15:20:23,82
2019-12-04 15:20:28,82
2019-12-04 15:20:33,81
2019-12-04 15:20:38,84
2019-12-04 15:20:43,87
2019-12-04 15:20:48,88
2019-12-04 15:20:53,87
2019-12-04 15:20:58,85
2019-12-04 15:21:03,85
2019-12-04 15:21:13,86
2019-12-04 15:21:18,87
2019-12-04 15:21:23,88
2019-12-04 15:21:28,88
2019-12-04 15:21:33,87
2019-12-04 15:21:38,84
2019-12-04 15:21:43,82
2019-12-04 15:21:48,81
2019-12-04 15:21:53,80
2019-12-04 15:21:58,81
2019-12-04 15:22:03,82
2019-12-04 15:22:13,81
2019-12-04 15:22:28,81
2019-12-04 15:22:43,82
2019-12-04 15:22:58,82
2019-12-04 15:23:13,83
2019-12-04 15:23:28,83
2019-12-04 15:26:32,70
2019-12-04 15:28:55,70
2019-12-04 15:29:05,70
2019-12-04 15:29:10,72
2019-12-04 15:29:15,68
2019-12-04 15:29:20,62
2019-12-04 15:33:25,70
2019-12-04 15:34:09,70
